Date,Open,Adj Close,Volume,High,Low,MA_33,MA_89,MA_233
2020-12-09,-1.5377824650364715,-1.3528347521441049,274829.49210405536,-4.429415806307858,-4.739028138091314,,,
2020-12-10,-0.86383386639001,-4.594780751739648,750388.2309062174,-2.479927699486325,-3.749426128700591,,,
2020-12-11,-4.020331298814057,-5.596819668761313,709799.7656145049,-2.6305481681592227,-4.681035902692159,,,
2020-12-14,-1.2149064090588697,0.8726322119632499,-771497.3516615441,-1.1584087278940132,1.7040638364115637,,,
2020-12-15,-0.6693827092600486,-3.041104616726585,150372.62304979144,-3.5051621795107764,-2.081331758074682,,,
2020-12-16,-8.298091054194543,3.955150428083513,510956.70624914113,0.0811404138175788,-3.3870274474928976,,,
2020-12-17,1.3476410850768303,-8.554580272315249,1996160.19181473,-4.250803653739126,-3.131397507692043,,,
2020-12-18,-4.386797628365443,-0.0981810789594845,3525602.2394555192,-2.329725481191531,-2.6315037419351057,,,
2020-12-21,9.818020756829114,25.93226015123093,10465989.699009882,27.498101902051644,12.794261296870786,,,
2020-12-22,19.401618475527016,6.512935132003491,-4224818.32055605,8.532544056942399,14.129755134320035,,,
2020-12-23,8.394160903975333,12.2355309022213,5057780.150958729,11.808965153244472,11.882606832484656,,,
2020-12-24,3.0701698171477574,11.211202136015473,-2257007.22737749,6.591072902184621,6.353077124933535,,,
2020-12-28,9.64220434533904,6.389397528999709,990978.9879618468,4.716261548216124,10.345572906345325,,,
2020-12-29,9.738678127145532,7.925239339576208,-2734553.872339972,6.887072261188038,10.669793019082732,,,
2020-12-30,10.57372665996111,10.559004077820688,-254708.55416859876,11.31641982808138,11.02339723734032,,,
2020-12-31,10.12906453060009,4.807756016453212,-1347081.910761426,7.102691557656343,7.837715527282384,,,
2021-01-04,7.680666336849697,12.04937344914812,-308920.2927677389,11.26550247710648,8.824010368670528,,,
2021-01-05,11.517468000649544,20.49633734108073,2590243.673141423,19.630921644877887,12.146766442780546,,,
2021-01-06,19.35049161760935,11.88278313613047,-2507180.162689596,12.70507354913201,19.437322369180464,,,
2021-01-07,14.168767334051791,10.47476557007336,-952945.906979606,12.52282954130763,11.90922374640219,,,
2021-01-08,8.49277820356619,10.988314434183607,289427.46023574984,9.758383301304889,10.695327989001257,,,
2021-01-11,11.46483885810325,-0.2816350920798243,-110041.8538711276,7.365856752723872,2.345422207062043,,,
2021-01-12,1.3145056805250732,9.470870918237026,-659900.3209137898,5.2673863542479324,7.685902480701458,,,
2021-01-13,11.43028088433789,6.953996699826561,6856532.018148869,14.14942055405504,2.002198774394202,,,
2021-01-14,2.7960309776863,1.7850259270829838,-3248400.3667367483,-0.1363266767737769,6.5572049695309005,,,
2021-01-15,3.5699072633886857,5.035866776236361,-700012.2828472301,3.170070191666824,6.538111644533387,,,
2021-01-19,4.300650270406038,13.595613367571032,-58996.77065278031,9.080042912393113,7.210422541720916,,,
2021-01-20,14.588405275360216,19.35696677025186,1020209.6723246096,16.877331425154466,16.0495484313022,,,
2021-01-21,20.30252505070337,18.6352104049832,870987.7319589602,17.982870268682333,20.98119476993212,,,
2021-01-22,17.08301919795514,14.640680956399862,-1531307.5043055438,13.984277313528494,16.168734721077996,,,
2021-01-25,14.21570180295852,16.201787965036786,1678004.5101971268,16.631019435824996,15.888950223709315,,,
2021-01-26,14.289297217232743,17.11532919549707,128205.03882388493,15.017800049851871,15.37676801997219,,,
2021-01-27,19.79289326513947,17.54684045614711,5575238.582391761,23.16840259893307,19.225516642425816,8.27608894119781,,
2021-01-28,17.306182099676278,21.10032448519088,-52770.2879817728,20.623048855903804,15.309848612583451,8.956487705965536,,
2021-01-29,22.123923508729263,22.996561092029296,-1945015.7364274496,19.010792816041985,23.2928161400268,9.792588973958535,,
2021-02-01,20.09901542530001,13.832781852274138,-1537574.0162783666,15.501625894930015,15.145234279309392,10.381364777626276,,
2021-02-02,16.96141248156802,16.056118575932956,-790394.1854018522,18.668976661811115,20.740614033028265,10.841470425019297,,
2021-02-03,15.991584774039978,16.53044809497004,3861888.763977969,16.451901553580115,16.388374122708,11.434547779919194,,
2021-02-04,20.392546851590765,14.18944973578229,-3342865.6662598616,15.921469148018415,16.732502665628814,11.744678061970673,,
2021-02-05,13.523785646243669,22.490441406630996,496589.42714747554,18.240062036756456,15.589512184707589,12.685436294666012,,
2021-02-08,17.649068916301758,12.484212927706182,1388431.123351539,15.774899880436775,14.503581779751912,13.06672096153467,,
2021-02-09,14.70959933312082,16.23718141971149,-1590353.7376271714,14.151524814350124,16.911802762185275,12.772930696943172,,
2021-02-10,16.31950401252233,17.37869833495664,-1072351.0935555522,16.334747335249304,18.529937774050268,13.102196248547813,,
2021-02-11,17.293636850572497,15.628040886788582,-738155.186648518,14.412592488438406,14.218889244315733,13.204999581413489,,
2021-02-12,17.237816277405273,17.467229040945057,-1117105.3853426613,16.1796948600265,16.445415395226746,13.394576154290142,,
2021-02-16,6.257844888905055,9.299388047940012,-268483.0509102117,10.173229830147491,9.446206038783204,13.48275768516712,,
2021-02-17,16.181477262452375,13.668190640883424,-1027631.4726850326,12.815793153200175,14.034066921330862,13.65678651247946,,
2021-02-18,15.702928936822218,10.20901205691736,-583599.2424551208,14.571553414647298,12.791229907735897,13.646180693664208,,
2021-02-19,9.30059396601007,10.942791456704512,-658548.1981140997,9.313568953744335,12.047676875032082,13.832090858520308,,
2021-02-22,11.870182310070817,4.414913293212564,89768.71564282966,10.478414380267507,6.346094584438532,13.600743581067714,,
2021-02-23,2.495427034493844,6.169461953160976,-29417.549325939966,7.544771308084663,4.448975830068065,13.166595842039843,,
2021-02-24,8.020194798124948,8.155522407406693,-653096.424641821,4.810852146002944,8.121536239893501,13.053648547230033,,
2021-02-25,3.688411326351684,16.992038483831905,958894.7179650574,14.926161047014617,7.312277869936864,13.251141665828778,,
2021-02-26,19.69132893239293,15.3701317646387,-483678.5949467153,15.22679032395328,18.976961251196823,13.3839240091759,,
2021-03-01,15.617570500543335,15.029415895644776,-99270.30465771163,12.770029874649865,16.199065248497178,13.847895251228161,,
2021-03-02,15.281274336288432,17.460697007058258,-424862.255607439,17.28304865205365,16.335510704959276,14.090011193313652,,
2021-03-03,16.64819707112484,20.88779380228499,1216716.4535407894,18.99896671205448,17.00892264955388,14.512247469145725,,
2021-03-04,18.96988201498418,12.68398414595893,-1459752.2928318502,15.784992372342202,17.31045437405183,14.842518930323786,,
2021-03-05,12.744948618651918,9.654841223922787,755487.0971064508,10.658783526153345,6.931151011680086,14.982487852980949,,
2021-03-08,12.826035286086125,18.44763575629049,79734.9866337427,15.80685746085669,17.63045935745056,15.129518834457297,,
2021-03-09,14.91396047351131,6.548189144592669,43675.62498606741,12.06096392772696,11.126124590647152,14.74137405792217,,
2021-03-10,5.687008397624084,6.392058120096422,-417151.7983568255,4.117710289557849,7.526278037528797,14.37036944322863,,
2021-03-11,8.96297594154241,12.284639216688277,-297464.3926087592,11.200009814105272,6.576628296301394,14.298974238994946,,
2021-03-12,11.63653114312504,10.837149938829311,-479045.1891896256,11.839945969266438,14.516138498424311,14.136409450321993,,
2021-03-15,9.618108148337384,12.407047726400124,-265354.64581886714,11.29092478797159,11.7883356974355,13.993734254288754,,
2021-03-16,13.318812866931182,14.572804030605257,671632.7269244753,16.970308089567794,14.42641299246482,13.903611938363241,,
2021-03-17,16.10316114479275,13.24375033479768,27498.84020643425,11.448736275203473,13.693761771728688,13.665533933805872,,
2021-03-18,14.18413557503854,14.28394925907908,-575820.9763901073,14.796438562155757,14.362812824067404,13.40151539341344,,
2021-03-19,17.45224740271884,20.232292807293945,2226562.3263639943,21.54298525250537,19.365193629981192,13.59543996780798,,
2021-03-22,18.62083639125143,16.75280392426552,-95868.95464229118,14.440337335234062,16.74554942236672,13.61655164503018,,
2021-03-23,17.73142868303485,13.094958523777096,1418348.210031972,15.351245135707105,15.301115605965478,13.512445900448574,,
2021-03-24,4.808947456882692,20.191236833658422,3912809.329285748,17.52736066851668,4.792278600080834,13.694318236747852,,
2021-03-25,18.200505470506087,9.638540681702096,-1404210.3542225244,12.972930003513568,18.320928500350803,13.304866699628795,,
2021-03-26,9.856329129953622,10.411845301868992,72020.75261057029,15.08686770594585,12.128267684362086,13.242067680664032,,
2021-03-29,12.079060411310763,17.374813711329097,-350445.52228314104,14.332173193724287,13.780052771858138,13.276541386470626,,
2021-03-30,9.71750486826653,5.196780014879494,3526697.5191545333,5.1775841572526815,6.648020085581848,12.907392346468287,,
2021-03-31,11.09212966420381,11.363997058098946,1691146.882273207,11.155480387186811,7.56532161949292,12.778178897114056,,
2021-04-01,5.825222004147577,10.20454944683381,-2007721.28364322,8.941629697783469,6.672594196174515,12.558097697292503,,
2021-04-05,16.157371837011098,15.179864151873687,-1344607.3681187702,14.757068211702888,18.26340630923383,12.73629394286625,,
2021-04-06,13.66403996447653,13.980000781786956,-809349.1862753779,13.455246018523384,15.178380983166733,12.745742735014842,,
2021-04-07,15.798489343891047,15.872759595824846,-174844.36772780214,17.31197361791547,16.289347858139593,12.91737144831507,,
2021-04-08,12.386711471821345,11.109020167362331,-712912.1684377556,10.398333334503208,13.294647143044074,12.922408681971367,,
2021-04-09,13.617437518650275,16.85489449617785,-325497.1928136393,15.46239974296057,14.761752813881714,13.299377809333953,,
2021-04-12,17.5558216854582,13.243810434989086,3312573.2852954427,16.653595390931372,15.994473864109397,13.513752005752988,,
2021-04-13,14.523407388474112,13.672655628561271,-1442656.913456322,12.961832028603368,15.202348659349468,13.680937860939489,,
2021-04-14,14.026732709360004,13.210648380550651,-745104.7790145942,11.989142292654776,12.95961888366196,13.566350282052177,,
2021-04-15,12.671654848737404,14.782511459668427,-1017741.9107233036,13.141324551227626,13.946743583752069,13.548543606143987,,
2021-04-16,16.91483984262652,17.426909809908807,1304138.6341197365,18.244580521446835,15.612736638858706,13.621194936879261,,
2021-04-19,15.102498862151547,19.05648873897826,976665.4635012596,19.58099597803266,16.89658117319516,13.669552262088958,11.891114725491922,
2021-04-20,20.881942960437897,23.303400119553142,1126870.0685852254,23.24636995754159,21.207169614199643,13.742752453521327,12.168151072364925,
2021-04-21,24.4769547478804,21.65676660554672,-65738.9982351102,23.16863510623284,23.58566448321608,14.014654952296713,12.46311227862657,
2021-04-22,19.404057604655748,17.245787280909468,-245233.02776447777,17.64937338714435,16.311614980372042,14.244683620690251,12.71977078367905,
2021-04-23,15.35971854391144,11.68410654314249,1166954.2474418622,16.966640558642666,15.926537905449209,14.039728189988795,12.84124802335522,
2021-04-26,14.884323066513929,20.36893604403573,12069.28882026486,16.433865847251667,16.266105321946668,14.458538702093131,13.104282188082887,
2021-04-27,27.303349263792825,29.01881930970632,2626672.803174654,30.134183079034894,28.72383830668957,15.144198132081309,13.385896445179773,
2021-04-28,27.078163352691437,23.79210556681033,10499836.220804185,24.802844830095665,25.27988830891306,15.492909233600159,13.749342353484556,
2021-04-29,18.59579609019852,18.56606194129546,-5519804.003463889,20.987279052337016,19.00269663694843,15.727118688220347,13.959052949217757,
2021-04-30,21.89941497580733,19.649090463507434,-1611696.7532150496,17.973764314077897,19.0520850077892,15.946574528738749,13.888455536996144,
2021-05-03,18.834268683214503,14.930960512573025,-1753495.1299810782,17.339806747026216,16.6993165037712,15.957427755465043,13.983040091834004,
2021-05-04,17.14600097032664,15.54518308064894,-346456.2004026631,14.397361282924637,12.899294032953549,16.02716814170296,14.020227194962404,
2021-05-05,17.26404912312279,19.412954091392265,1348113.955018429,20.6233368181106,20.85697163274176,16.18259253056094,14.112381711314955,
2021-05-06,15.292411865761665,13.808956687937725,-2097213.124976743,12.321741662114334,13.007224550529289,15.987945981489537,14.195747544561447,
2021-05-07,11.205035341834504,4.725162707463227,-355169.8859287915,9.679580703125026,6.543038833283276,15.6234720052228,14.159791627346696,
2021-05-10,7.5142233545659,9.547512955068356,-1137609.9376536813,8.002575990827495,11.6718462589173,15.515973654655872,14.148426558551725,
2021-05-11,9.496046134781691,11.193924878777608,-492623.8835693054,9.41425959292917,10.126154526651304,15.2433278378413,14.220181264869977,
2021-05-12,13.621166378901336,9.748916130590658,-319884.32138317195,12.291035876809984,8.968727930985153,15.24667254841368,14.194333429830005,
2021-05-13,5.669900431852284,4.743326671705404,-408714.6703592901,6.098358186168184,6.866905056322366,15.074899256590541,14.017333309949382,
2021-05-14,8.026416665558287,10.14973114628799,-731842.7926178233,8.64726446359441,11.377081617351962,14.855957360680206,13.99786081568149,
2021-05-17,8.528017978517255,16.030285768573066,651334.1343278295,12.354416061539126,10.375899991007856,15.184245413822431,14.060282390945533,
2021-05-18,20.299527549546923,13.125680942764149,-994188.7102939097,16.519328737937002,17.29400870797494,15.237629773963803,14.084297744974528,
2021-05-19,11.108398259441516,12.305974089735855,-683162.810052667,11.85915102557462,13.890807986181043,15.3013093085972,14.225731556006165,
2021-05-20,10.830971654002042,3.284680249542248,150628.8415132335,8.871990811080508,3.8384167050556073,14.94084919034473,14.156223795683749,
2021-05-21,11.167348474158302,11.524415424706008,786773.836934706,10.642588270158,12.51537359677053,14.866437512857429,14.207576815064419,
2021-05-24,8.685077974154922,17.211474085349295,-758995.8770063021,13.149825740467094,11.572908434709348,14.907004618600595,14.380907693247186,
2021-05-25,17.299825386029255,21.097966034870808,-261436.46966222045,19.9184087653058,18.66488638626049,15.209699947919033,14.5613807186251,
2021-05-26,20.75317399155924,18.53362554232612,-374583.7079659726,19.6262463807212,21.71377558531077,15.260570585681101,14.616864001487517,
2021-05-27,17.96008537961552,17.82039968838103,-467145.0526022242,15.276090913834452,18.331592160615543,15.39925510851116,14.599599202814813,
2021-05-28,19.954507698713456,14.304346214991114,-297646.9406782469,17.40543441643385,14.503104706122857,15.418397247493884,14.550937807421644,
2021-06-01,13.872678372561268,17.011621839793037,-139136.2477120175,15.493174273487028,17.30210251494958,15.53357826141032,14.577577592628307,
2021-06-02,14.814199052372118,18.80245477103452,-346635.1251768401,17.581957299776377,15.092556589861402,15.65539472539111,14.606798567976595,
2021-06-03,17.84096256457906,11.76374578320619,-342972.6953849732,14.249341933311996,14.520914818735292,15.483783694278909,14.546668417276699,
2021-06-04,13.083445006370738,16.052957872756366,58270.14779478405,16.805111137078455,16.16128611177848,15.3927676074237,14.52988321971051,
2021-06-07,16.654850722634222,11.595197166885017,-342356.89127049665,14.081380929318923,13.013063804722464,15.037973578554968,14.423084036358759,
2021-06-08,-2.5359508854469084,-0.9982730775941492,4102446.882855253,-1.6370911898678455,-2.2649797764744903,14.351457224520397,14.153479158048384,
2021-06-09,4.235622273506834,3.2581431950823685,-77344.06715201773,2.980162353433286,4.3663795472648985,13.927589221919575,14.034662993360836,
2021-06-10,5.200093972648318,5.328109135492582,-755629.7060521548,5.708727106408617,6.595690255581275,13.734983239869578,13.914123561445777,
2021-06-11,6.312953489244364,10.306120320049814,497734.2496665309,7.50360590491519,6.420831806281086,13.430049430051824,13.84418729431184,
2021-06-14,10.960242848258218,10.842412128003929,-166767.58193752402,10.85488434552795,11.459486282778784,12.879249212424478,13.806580130179498,
2021-06-15,11.800527746869363,17.194354369422427,67269.22507610777,15.432348426187248,11.92627207273435,12.67931735795818,13.747073534255808,
2021-06-16,18.14019762090797,15.22322922787103,-705606.3208712949,15.71883577678642,17.432043058206915,12.578019396945317,13.777848998302604,
2021-06-17,11.529429627280336,4.97816864758525,1214436.9495228932,12.41800884416142,8.197843760861787,12.13344600858404,13.65134323681804,
2021-06-18,7.12974976114765,3.30544900170176,340340.766423204,7.093342759717416,3.8335516773620952,11.781157780981879,13.493216839815174,
2021-06-21,6.547553191604067,5.74393703181957,3166607.0671098297,5.550701343044608,2.930458637728208,11.484150324956746,13.382159493130128,
2021-06-22,35.78325449323137,29.60616166250793,9867354.692090672,41.4471768999293,27.781958073694483,11.793035402869343,13.518551994496004,
2021-06-23,18.512070021959172,32.3805447794426,-2158546.1169474544,26.69307998596517,27.250826668509237,12.355810799581612,13.777890834175809,
2021-06-24,26.232579576506936,41.99783824972269,1657979.83252702,38.84007068323672,29.784895226252104,13.485285816013715,14.096201481466139,
2021-06-25,40.64636886157567,26.740896386090892,-788887.3363867179,36.442010985561865,36.73700614278826,14.006297435135613,14.281952990782695,
2021-06-28,18.657128128557133,16.514031025855417,-2394862.9497397942,14.605009357728136,20.643353747134427,14.167512772925846,14.344551188188886,
2021-06-29,18.384660764817312,13.662653812270804,-259864.7097817543,12.418352125665107,12.406288374518113,14.286110884491913,14.448458385032234,
2021-06-30,10.257852637799942,15.426318070546644,-1152822.4370485924,9.793012356721306,14.148454575821944,14.60983789657801,14.552468004328706,
2021-07-01,22.528762877155685,2.456954726507917,-66790.07502480573,18.79189883880832,6.311324554575606,14.376723459614977,14.488439153981524,
2021-07-02,2.189148984312709,-4.523990867413488,4105031.1512345215,-0.1041833851664932,-14.587717069644896,13.753866591857811,14.246686015203489,
2021-07-06,-14.396603000740498,-13.17811951493195,-31055.93682324793,-10.522879085832216,-7.109827151167067,12.956781729503382,13.925919146893706,
2021-07-07,-13.431946447136523,-1.542004855448397,-94112.4189866176,-8.697205870350302,-5.410811115004876,12.537146003891738,13.739723408117378,
2021-07-08,3.4272633027377992,4.536160344623255,-887801.8712333795,-1.7543417889247053,3.510366774457353,12.575069643136619,13.594503895056308,
2021-07-09,2.136027783220328,-0.1013173506934492,1303541.2779164473,1.5483792188969403,0.5923062758113389,12.222774710548755,13.358671185472282,
2021-07-12,-0.1595103452729063,-1.1029223357690086,2209258.3785397084,0.353541966349411,-0.6339815519692422,11.667793000817898,13.203762123879834,
2021-07-13,3.426696122246099,-14.88223971965347,-115552.8271852946,2.278862766628606,-11.206548099752853,10.577483735529285,12.928064585187965,
2021-07-14,-15.072298871189249,-0.467103132781034,-636650.0065375073,-13.073896187694046,-3.811982046016027,10.001704078707855,12.715539429130985,
2021-07-15,-5.871065563559384,-8.125054951669625,1328944.4934391608,-9.073474735753678,-11.7447229379392,9.215478180524503,12.550671517937026,
2021-07-16,-8.262527255069855,1.0462495476453595,189952.0506446469,-3.470256520427,0.9407421485316833,8.813717675453418,12.490606253078024,
2021-07-19,6.205924683004014,2.9792522452371912,389861.9379832465,2.841688565483992,3.8117344148759287,8.388494354406273,12.386051343286438,
2021-07-20,0.5971554860679333,8.22627653630147,-1726800.603032748,5.747029540797243,3.450408654034433,8.068004104868905,12.35671568707826,
2021-07-21,6.662110259765399,1.8296073099121344,83727.77929505054,2.089270571140773,6.776361248456396,7.766969605678177,12.237868041949179,
2021-07-22,2.4270660147104195,-3.2541751903921323,-452745.142485335,5.873923389085277,0.1221939309755697,7.18190496740095,12.037564904634605,
2021-07-23,-4.613909615554348,-2.019972925162733,964716.1494385898,-7.520135714059862,-5.977565285864202,6.769324055520715,11.866062396095725,
2021-07-26,-3.882364727405829,1.7790292604866949,-130315.59736185428,0.1290310574858324,0.0812089766423298,6.853484732432256,11.725557677010416,
2021-07-27,0.8590749550749024,2.0865739096445,-548254.2677229755,-0.4542889624709829,-1.6201934186116915,6.817982632873533,11.521673195014355,
2021-07-28,4.286679510511917,-9.055957929934536,893048.5408658311,0.376398962171649,-3.4587609429948145,6.382101812709075,11.231687106764916,
2021-07-29,-10.416633706288223,1.6989110971958752,1916692.8554210383,-5.2336809285598775,-4.867002067234665,6.12127729080441,11.103641630061755,
2021-07-30,-0.1574337850924649,0.6423881784796066,-2674984.654212952,-0.3741954680872652,4.909130750709394,5.812185655970339,10.883991645172108,
2021-08-02,4.155714699642033,5.075406195521225,-1317100.5669966694,2.789460449741,4.427622321207451,5.444944802215757,10.832720471170074,
2021-08-03,2.957272569219384,1.503757232866306,186878.43443494267,0.150378971306992,1.0830570835313722,5.029203226609554,10.732629593990268,
2021-08-04,1.5511315013457363,7.137769129380814,-573453.5717784015,5.775321889534496,4.946333574779871,5.094645665451844,10.61760662115939,
2021-08-05,7.341507863335664,7.730273420117115,-536149.1265660669,5.862712161824334,10.146080234352496,5.2287312538886725,10.646072839195767,
2021-08-06,8.12986913760028,3.850119319541932,-24279.56192237372,6.226643301527744,6.813192910522673,5.171342838365107,10.561647246627711,
2021-08-09,3.0986609396263987,1.3480311353095544,429384.0496051705,1.7722474466451104,-1.625808204459304,4.3150358526924295,10.46213580492519,
2021-08-10,2.151561160484249,5.577524313685458,-550526.4757754535,5.392759715122594,7.057308015889888,3.5028231113058497,10.354244346069143,
2021-08-11,4.933913305076032,1.5561158520238223,137112.10528332344,2.3570879948881185,4.00147793252286,2.277316371981641,10.214650133375175,
2021-08-12,2.7397739264960137,-0.1907779066526274,336075.24069637014,1.050351592019922,1.4008735248166175,1.4612050297772925,10.034160947954081,
2021-08-13,-2.5781614451668275,-7.283213393917165,2600016.257294776,-3.446787105978345,-9.672041997557926,0.740076410996305,9.827506638276782,
2021-08-16,-7.590680793512661,-9.71647411925143,45803.61315993406,-4.128988478253177,-6.70404383362056,0.03161798882896454,9.528951934732634,
2021-08-17,-9.245877441522154,5.2241328992539735,3804039.439282671,0.6551853342922556,-4.33496854193595,-0.2775391375738437,9.438843198376059,
2021-08-18,5.122748677940848,-2.507648115263038,-1930739.300392004,-0.6499130596214115,1.9930716356616929,-0.4279816479305393,9.25704203271511,
2021-08-19,-4.190691910692877,1.159540610280331,2467994.642604955,-4.407618049901743,-7.315996488401453,-0.25575342133375684,9.121636327431176,
2021-08-20,2.6711893739857544,11.604971183529756,1071069.317093248,10.327586016335148,7.995105391232997,0.4952493271044766,9.08593362769928,
2021-08-23,16.69734217835908,3.9443107124041887,-42495.808693517465,13.344247179052688,12.337469087230389,0.6615013140091004,8.934443750199227,
2021-08-24,0.8571227779106323,-4.359224415311317,-708725.388055373,-2.691619871214158,-1.3120054214570445,0.3919442000716892,8.671345849589233,
2021-08-25,-5.197661534715223,-0.1212047268672904,387156.2928856169,-4.418935485176007,-1.633515216147572,0.3913415523088455,8.408148042326083,
2021-08-26,-1.391618868586974,-1.7741456292174431,1207100.0288245948,-3.6983692654823273,-1.873752240591486,0.3710014525073778,8.14487936553098,
2021-08-27,-1.024402896348505,3.54879470180947,-179462.1577012241,1.1987148615820615,0.8820101398528948,0.9295176470971638,7.990980572507384,
2021-08-30,6.2584507537472405,-2.1991601138452097,-1137643.475886714,5.218856399567073,2.2174806870614105,0.8770310719134009,7.83498881231651,
2021-08-31,-3.974259640518767,-9.403526715518936,1796268.873595114,-6.664412938324304,-7.847106573430551,0.8382895033119067,7.500466758838368,
2021-09-01,-14.13484401596594,-3.2641319885692326,1346628.599860568,-8.887353260681891,-12.494838576984264,0.7076718810023737,7.137736968970104,
2021-09-02,-5.142346274715919,-9.684122688876442,217130.1062592133,-8.462300905386456,-6.010941460984441,0.3239332466352937,6.761599572838792,
2021-09-03,-3.277004152055824,-12.678306961812126,2157131.479886441,-5.123710850993774,-10.848870191013276,-0.30953898058026974,6.410539248084774,
2021-09-07,-11.945684875309382,-12.434896570925323,-198476.4506781567,-10.719534640708858,-9.612656378607149,-0.7417966739389805,6.050045011742833,
2021-09-08,-10.045719337706204,-0.1608587846023965,2164917.006915848,-6.984591100605996,-9.274455610292408,-0.6480598131574734,5.880474008403784,
2021-09-09,-0.6718730457459969,7.769188416493904,-846580.5805650312,5.202916610344602,5.895557825931746,-0.3514185603799996,5.793103281840243,
2021-09-10,5.646381245517048,4.262775622289965,-745255.3857141417,3.733480265241255,6.6059892641711,-0.2761535191132338,5.622876557468308,
2021-09-13,6.022936291693497,-7.552829666783396,-278303.24289310025,1.2497238131876856,-4.086951808923189,-0.568256657792867,5.382856486066947,
2021-09-14,-12.320855380475962,-14.547342500876644,2617755.9295990653,-13.159956553186175,-11.907387086220917,-0.7346622508517187,5.166311483726049,
2021-09-15,-11.58036925461905,-1.1767975363321028,-1147207.7727877027,-5.960129159278125,-4.634301751743251,-0.8218049367162029,5.045813613036156,
2021-09-16,-2.338645501250824,-2.687226864194159,-1439817.972666643,-3.217880194605172,-1.191414694615588,-0.9227023622517715,4.889845615924114,
2021-09-17,-4.853097012401818,0.6611853331606312,-571362.18640711,-3.164211429748505,-1.9490634682497472,-1.0564666308081532,4.787736281121529,
2021-09-20,3.917817602822908,7.521966564978399,2017322.9491341235,6.453577469354741,6.017767502018032,-0.8740966510471806,4.818956954079653,
2021-09-21,-2.033333075903755,-6.483972867026196,4422993.342732537,-1.0229394130645062,-2.8679324260852894,-1.2868767115443627,4.632061403368257,
2021-09-22,-1.083525026735174,-4.853517527332073,-2941436.175812977,-4.143611457773019,-3.501838404974592,-1.668203709951914,4.397411928133368,
2021-09-23,-3.723205972984204,-0.3044870958593293,-687009.0114395197,-3.330681447995289,-0.3464170587216557,-1.7941008740549824,4.246511163654453,
2021-09-24,2.368343617619246,4.271684527917032,-35941.85680518579,0.7786617422913054,0.7960733085787979,-1.7055053167032408,4.156238247229522,
2021-09-27,1.3143260257845526,-4.672711508878692,7589452.712591862,-1.4643877395944287,-1.5865797639134485,-2.0161185234476093,4.066829351067489,
2021-09-28,16.95334478026868,8.648596713608057,39847972.39884158,15.42316103297685,6.649576812104584,-1.8011948609753594,4.034516781279872,
2021-09-29,-5.42342594473908,-4.397019884052497,-14475425.39859222,-2.622722358691533,-0.9811377279729784,-1.9286567390783858,3.791724714207941,
2021-09-30,-6.042700695814489,-3.800662309980396,-2111374.33407168,-1.4516101166968411,-5.642953109175679,-1.8231248880499988,3.5119648451646692,
2021-10-01,-2.8708679076126344,-4.067846592508225,-6009325.0734194,-6.369332646056165,-2.2584673459185964,-1.6519543569365682,3.2580157200541717,
2021-10-04,-8.548457230288356,7.943244771622403,-1367958.5191973476,2.4520523323567858,-5.230167957344932,-1.5695570274708583,3.1470364513265467,
2021-10-05,6.679415578480423,3.7650409158493545,-3839557.9653263055,1.2299125191419336,6.55154677965978,-1.3794755416795736,3.028617290662032,
2021-10-06,6.012776772603701,7.720257546314613,-1367633.3182332432,6.300937812193709,6.225146340270896,-1.1806659375573227,2.924219939049915,
2021-10-07,6.78730820954533,2.6942875158833743,-2192654.9212040245,3.1713941093468634,6.8792055620736505,-1.4506866547587283,2.7432292957336104,
2021-10-08,4.416457420336826,4.516417943558466,-1147199.9300338891,2.419195994570188,4.520109288800981,-1.4333500719964773,2.661798645849928,
2021-10-11,2.868670166167305,2.020445521629142,575423.6095039495,3.582613423405178,3.9676089786913167,-1.2400267405740393,2.504129967747375,
2021-10-12,2.511358159392472,-8.959910961475842,2574840.8462439897,0.1295124939116902,-7.877315028367846,-1.507866323440965,2.2731736966421967,
2021-10-13,-5.939472466159259,-12.850754237789616,1591999.421320676,-7.094920623018652,-11.0641112836365,-1.8435211297613339,2.1399997510220232,
2021-10-14,-13.719900955383672,-1.1046096096620772,188790.91352598465,-8.255578807456374,-6.939145549341767,-1.984533381624108,2.0909800565866923,
2021-10-15,0.2749140258780755,5.236097564520563,-1435390.6545958729,2.4863988314859284,5.445717255098572,-1.7592225428857513,2.089946218710602,
2021-10-18,2.2041174215879664,0.1620989193157598,-535669.7018383308,-0.5964337871646421,2.1649455073914936,-1.4693550994059121,1.9759684501630281,
2021-10-19,3.692186667635767,-1.8010541787858116,-1486871.8594061532,2.733360166978983,0.8725921867494719,-1.4250194082003538,1.8339070309856156,
2021-10-20,-5.337822700633538,-11.129432782294847,5482322.31092607,-6.857459725010024,-10.951556145491594,-1.4688166837584873,1.515662231528118,
2021-10-21,-10.530398185618338,-1.426136364822554,-1177943.339200423,-7.838557250184316,-3.024550271363907,-1.1278418171830458,1.328590708014707,
2021-10-22,2.066134696761381,9.166626888138095,-10211.664973666426,6.021625967478421,4.811145748313173,-0.4732501972114269,1.3756520365602447,
2021-10-25,5.140132196140804,9.885386994843133,-811607.4002710176,8.399437439303185,6.8901915912152845,-0.16881850692519884,1.4495839241236306,
2021-10-26,11.641953226990536,17.376125443190702,2634678.510260849,15.66777368007874,13.087651737518875,0.12230079691409808,1.580282670318812,
2021-10-27,12.842783206926171,10.572825767723074,-802018.0354214348,10.336990607824347,13.431686606080405,0.31351443768479836,1.366424963635836,
2021-10-28,11.26580609544645,12.949184052945997,-1982971.84800422,12.673374086773492,12.129916362207824,0.9347875807069012,1.1480950678325033,
2021-10-29,10.697483885201803,13.03636021362398,-1030995.3295445944,13.533944462111734,11.341105222589247,1.7706573599341928,0.8226852022583607,
2021-11-01,15.137346146451192,10.944237787729662,-1342811.9460643562,9.305238958436789,10.698594774303317,2.1379614606633375,0.645194656209358,
2021-11-02,10.506515457457866,0.0599344514141648,1986382.025010588,7.149730659978118,4.684660137509098,2.221208773257529,0.46031716660889455,
2021-11-03,2.1895225741816238,13.30633520900396,-1595334.4689647935,8.513615797586112,6.86333732014775,2.6043951331315687,0.45631358679690753,
2021-11-04,15.347083990137364,18.595911907972805,1655317.8295845743,17.818203085258745,17.208439565812924,2.93996923443443,0.4919270007005723,
2021-11-05,16.156743754369955,7.840944681008437,2496967.097686809,16.648207875571558,9.7129797231336,3.3740576449809336,0.5524212698522635,
2021-11-08,7.713214216382454,7.871115874027112,-3005289.448271213,4.206086121682134,11.16411318836478,3.7596525965372725,0.691692132115641,
2021-11-09,9.784879467167258,11.90251809423212,-1489737.6433202482,9.02120122025201,11.72443810839519,4.129561844721863,0.9734970490725406,
2021-11-10,12.847345360576613,16.25195894557922,127361.9187250072,16.771334615892357,14.84406435736335,4.492600463438898,1.1734292266121766,8.227570272118959
2021-11-11,15.721182792367005,3.491924910067993,939526.8257744578,10.24740688055337,5.598663016113491,4.740013688255464,1.1616962442014434,8.248363232042617
2021-11-12,0.0003854821084274,2.2589674581431183,-411801.1371859564,-2.5695207003267058,-1.3689648850824625,4.546388559301981,1.188216298233315,8.277778460411213
2021-11-15,2.630616536780721,2.3604209129723728,199175.0940467948,4.459143445832581,4.079172023557561,4.751159492545159,1.2271302673202968,8.311929707543117
2021-11-16,1.1985345466628274,-0.0748780462182452,-899048.7459444976,0.9878971562400808,2.896537910020569,4.8640620459924975,1.393505117583614,8.307863139911436
2021-11-17,-1.0809227845625031,1.1283973159826672,1238749.067894578,-2.424422594997523,0.5404011338101213,5.021523982613433,1.4114320889180376,8.325757997991733
2021-11-18,5.616838994765772,2.586272129223829,-1447872.490812651,8.275010268675032,5.159475931385956,4.8591914782983245,1.531784078590998,8.319882983833537
2021-11-19,0.9947230561788842,9.786331004009355,-743425.4184063317,5.407327030241419,3.8484515105012074,5.041654814303174,1.629987241022054,8.398599341242656
2021-11-22,9.11351123385552,5.631687212505227,-1076280.9493312817,5.851903480180411,9.447552502280686,4.978364804187737,1.6597898811037173,8.423191050648084
2021-11-23,3.275651639407372,-0.3342453933835543,698025.7828777677,1.2820490098185076,-1.392291720664673,4.886591079664497,1.563604241444335,8.310459267194803
2021-11-24,1.2517765864209736,6.19075007867815,-492526.866981274,4.0492265765511775,4.233552521247475,4.937328417092366,1.6126058455877732,8.309076498725595
2021-11-26,7.786630938261837,-1.0904777137772612,1284839.776615501,3.5743545928193896,2.2826978775331668,4.8430580160194445,1.6369170531901878,8.251883328699849
2021-11-29,0.3123516417394256,-6.108750067919317,1648915.2559082238,0.113376928362527,-4.411248903346213,4.929456830975703,1.5909757369794395,8.17754876988468
2021-11-30,-7.40034477418142,-4.112060836443831,1102016.0722171222,-5.514991026018805,-2.5218736423920163,5.194265721925576,1.5247837134184221,8.132478133123119
2021-12-01,-5.040679248968431,1.0967247447530823,3166083.5260831146,-3.129565765751039,-1.716723047920432,5.2609728235745195,1.513661812689305,8.103171203531604
2021-12-02,1.1445716655112577,-5.834594487649497,1180323.4037946465,-2.291656721317977,-3.3407653396082395,4.925497306842094,1.5498569075464406,8.032812411405121
2021-12-03,-5.254104441016146,-3.931468527296765,-2743585.8781773173,-3.932433182207269,-3.0509437865900324,4.801449808459896,1.4865942151364109,7.9953050099298
2021-12-06,-1.1676898826873554,3.5054680676809653,544382.1234687362,-0.657924145782907,0.3800950592582666,4.962253512898283,1.5187636520937295,7.958635888120929
2021-12-07,-0.5578086868551111,-4.043151335981612,-1463856.4313649612,1.354715129692302,-0.8397903037930803,5.176989314301714,1.416307949492574,7.853316194227957
2021-12-08,-2.7604035830650844,-0.2262361177802176,1037574.7944878018,-3.0617289737034525,-2.198030917620791,5.213349927848452,1.3968698219572198,7.801346154511601
2021-12-09,-0.9705661830318704,-2.813493819655598,-430147.7473037648,-2.505722503054628,-0.3847444290026303,4.850315967006219,1.2850578787096196,7.7443149983325075
2021-12-10,-5.0761303887444456,1.6365320584014995,5888519.374582221,-1.9201188366127937,-8.062409282199816,4.600350665901927,1.2165888746453992,7.704178593286233
2021-12-13,-0.3274844230711977,-7.345471203755686,4417327.861001707,-4.409172740215404,-3.905387966891773,3.8512113735702185,1.090795722698235,7.673861700103075
2021-12-14,-5.729416717897628,-3.966820851976294,11363449.528420616,-3.2692921436747326,-9.223736927571244,3.4106160214581167,1.0310782846388433,7.616189203235206
2021-12-15,-6.078046352785663,-10.104657408195544,-2221929.0883984976,-6.91920180673025,-4.69443669191066,2.7120147650598874,0.8548739956289445,7.542976095475455
2021-12-16,-4.823024290437623,-0.9296926570970712,-597411.9165469818,-5.2565003842891045,-4.637406844259608,2.2888010417047044,0.8269435629421928,7.531324942753652
2021-12-17,-4.187999568216583,-10.558548439356288,94861.8633567188,-4.044135292924821,-6.781188728169717,1.637201459065736,0.7104517592039495,7.464396122085872
2021-12-20,-10.040957513403448,0.418629893456071,3683937.1912947297,-0.8974200288535812,-4.975966949264119,1.648071017915491,0.7969893242306151,7.4078425449437475
2021-12-21,5.792606952472688,7.013917963310426,-467486.28176997975,4.637292789829793,7.295160277958608,1.4573917074399292,0.9849712577425461,7.354868086544858
2021-12-22,2.7725840436812206,-4.821886293836883,-2530863.8068471733,-0.8162520054234292,-0.2450249029828697,0.7477614589002417,0.8720946375954578,7.254193851785973
2021-12-23,-0.8580686119346055,1.980592987655406,-257604.37810833476,-2.107874003907014,2.245203685274205,0.5701750439501498,0.9225243129091482,7.199858710289216
2021-12-27,-1.7656473552648464,-4.812812001537452,-2785483.5392592936,-3.3339874230052686,-2.985613670363122,0.1858135931754661,0.8554192273831056,7.109667294123661
2021-12-28,-3.6166579420503098,1.3611520366631351,1617985.3950041495,-0.9058796986714128,-2.6563073437215863,-0.13362174190238182,0.7403201358452786,7.0420527998797375
2021-12-29,3.5912518981239927,-0.2099912717755501,2368344.7558969567,0.4786873879184838,-1.786074218655159,-0.6324687181858597,0.6936425854612365,6.965843221648311
2021-12-30,-2.537597398063383,1.7899854886401556,-3147402.4578969143,-1.6710955884654908,1.5865004029763696,-0.6840426400473093,0.7627348315730508,6.882966230246805
2021-12-31,1.6460250513507546,-3.920924061018922,-360398.65681631584,-0.9420886170665668,-1.4822590733172376,-0.8713120800219166,0.7200413559084258,6.767440542894668
2022-01-03,-4.921123473913717,4.468818542722687,-188764.9615004505,1.7132066117477578,0.0933253415331236,-0.8074212427567555,0.7901870207616857,6.7272518591626875
2022-01-04,5.232426455865401,7.483836234806979,-264949.45533904247,6.585502666732516,7.083705870217798,-0.5783692948469003,0.8344009705706464,6.690460947827383
2022-01-05,9.588798917223912,8.962922096557598,-569001.5630892226,7.960356152173041,10.978636904573918,-0.3409594530112963,0.9598176246201162,6.657982295473681
2022-01-06,8.830272529956993,4.862260648453258,3767917.3836889705,7.637863766617329,6.905414251000771,-0.27199010394373785,1.1201073702827251,6.617951441021624
2022-01-07,4.636365552965422,-0.3740064907512135,1733226.0939576756,1.726614486447481,-0.1543479939940653,-0.5798791189364824,1.1525806904829274,6.519820763350457
2022-01-10,-2.417292326997853,2.833689009980631,1241218.2819612958,-1.2843871972436034,0.1914326380500455,-0.6646669432554095,1.293230260133007,6.478402205763652
2022-01-11,-0.4680937187212919,-2.1738877318115897,-1933326.708617914,-0.9184664537562456,0.454375561342033,-0.7204136807835317,1.4112574424925637,6.399384741594025
2022-01-12,2.5831208574476605,2.264916121340548,-858022.4257476088,1.1590596660076289,2.532253999612685,-0.8393783461573985,1.576423877237124,6.334518723509835
2022-01-13,0.1207105063285709,1.958477015543039,-1486966.914311299,0.0451992785012436,2.212755342611395,-0.7469857786022379,1.600236639036511,6.27585106741007
2022-01-14,2.7363766591798537,5.941143463997221,1118837.1675368885,5.508089405148027,3.835892698532703,-0.3818374897562822,1.579696808109582,6.226382888968233
2022-01-18,4.381976402811077,-1.0127777615230895,-35240.85784706008,1.3390249901334812,2.1376467045644745,-0.28791982081929,1.520420927392581,6.182124666610022
2022-01-19,-2.3913348948645847,-5.295558656966598,1303498.5290153516,-3.5782164278914337,-4.490580404007275,-0.48162537844715914,1.5457835230085002,6.100735184645001
2022-01-20,-7.413276278750544,-5.371110796220528,-424263.55616160575,-7.070782192492139,-4.162974245959767,-0.46758041810082673,1.6488872500271083,6.033867704588615
2022-01-21,-2.7692072815708784,-2.334399907265478,-659149.2822526754,-2.9110312155444618,-2.2408598570865763,-0.41918439931199986,1.6358804818143737,5.976884050665998
2022-01-24,-0.987540797216063,3.827886861993704,1111599.134685576,2.7328931188876453,0.9096153150767848,-0.4094141328176744,1.7090840068277207,5.974364623922568
2022-01-25,0.0131925377813146,-3.388162508417132,324999.41630008304,-2.9949278053572854,-2.0244276505220995,-0.3895659865278417,1.6635857164729142,5.933344776447985
2022-01-26,-1.6022399115389163,2.3160684247279946,2014943.575058332,1.3334132898704354,0.8483260476673209,-0.31252645493668374,1.605092478942011,5.90828274218756
2022-01-27,4.213216460009839,2.689138146799486,-2031277.9823557767,4.014495874853225,5.337683096678887,-0.1457800317107721,1.708161142018704,5.846896903831198
2022-01-28,1.4570325773851422,4.041767312440975,671110.1199854771,3.2494857858791804,1.9496900353688176,-0.0728941149216971,1.808108162690311,5.798277313907604
2022-01-31,5.684075696199955,8.01538271741289,-1299265.593858818,6.42867349727738,5.4926067155636815,0.3925863069318961,1.9015898459855045,5.768174167219912
2022-02-01,9.536467947735702,9.038414176441044,5066922.5309573775,8.581467498404166,9.502044206547524,0.7866843380960579,1.95514860608128,5.732027030607822
2022-02-02,8.386468719457582,3.4763894336910184,-3941599.626912124,5.690506616809515,5.541311933866467,1.1982312120926204,2.046711538020266,5.657299973231881
2022-02-03,3.3242922643084896,0.3483976953553807,-1372300.0455268235,3.4457996423605834,2.096421691665796,1.2369612227729978,1.9534508748938308,5.604357542113411
2022-02-04,-1.08677990594186,2.1101717176376624,-1342510.689900443,-1.110761276434829,0.5699809556775648,1.6208618335909963,2.026565387272372,5.571976986292444
2022-02-07,1.7030589770621631,-0.7538083468341199,1618798.7657870022,-0.0126109643001939,-2.0651268281152757,1.585333402067051,2.060799701465027,5.489567354948563
2022-02-08,0.8704535689838622,4.81199915149557,-571613.2846736093,3.855428822021274,4.840584380883051,1.518608589587813,2.160573249150463,5.482115895750722
2022-02-09,2.8947733030472804,10.369768849979202,2143764.492104921,8.711114232021025,3.884797340387984,1.978961775764058,2.187837564637618,5.499187615621463
2022-02-10,4.1703020329387215,1.1497989126831172,9472750.814982612,0.7066254184739478,4.501689543951024,1.9537861977345947,2.1584528230290085,5.451398601441182
2022-02-11,4.948173487991298,9.628836577197175,-3492688.135003874,8.523181945667943,5.130687879885379,2.3914119122417046,2.179897531241172,5.446212707185251
2022-02-14,8.896386867325894,5.506573110955316,-1968825.45095742,7.233355192164439,8.643261970966897,2.5170307326748014,2.2114962457925422,5.416596936303514
2022-02-15,6.2042103137159685,1.6288883260788865,-2046080.353345196,3.069196724776276,4.371841126181423,2.572754356852208,2.179052092787154,5.361043650017993
2022-02-16,3.374516794517397,3.0075979326634226,-1684717.680560287,3.3290511547396022,4.258795284453086,2.6096517036407922,2.190143692911134,5.3171116654594766
2022-02-17,0.3320158179584211,3.9921762420395694,-124308.88934798913,4.023198562814542,1.9093683550423464,2.849442621915292,2.3356727626135547,5.272940965815531
2022-02-18,5.127465395729352,1.4047143200165166,330348.7792370813,1.4427920714063944,3.366724313383031,2.7565909788029836,2.495846566633848,5.192135907930219
2022-02-22,4.285216066193051,3.362791041176095,-807659.5063379155,2.520877663754291,2.7762069279817965,2.6317108214202296,2.5460420795646144,5.134668041479192
2022-02-23,4.425286899503604,5.613814803545004,684304.9703885578,7.215214195810958,7.218247635731991,2.5302227216319686,2.5502860934862372,5.102560128516822
2022-02-24,6.371492651871726,5.7948205725842925,-1237045.375486012,4.550616219158655,5.913085291842791,2.5584821132723037,2.613575100826333,5.040772934263285
2022-02-25,6.21701490530004,8.329085237181516,841250.3090179763,7.544270149917786,5.0176319689464535,2.822212165633901,2.7273968920169773,5.035152953814698
2022-02-28,6.713663308318139,6.782937995663573,738840.4293758147,5.5006445758727125,6.4668012361466864,2.9418863773212633,2.928659485027746,5.019578244346006
2022-03-01,8.346944147852568,1.8339556631469731,1354490.223101249,6.800853174063782,3.652202182751076,3.063336177168492,2.965289732533021,4.952879282765825
2022-03-02,0.810329504634808,1.867081775599189,-2325559.811752765,-0.3089291211348879,2.5568343968582,3.0512805909339056,2.883272371717978,4.938588732382648
2022-03-03,0.1190476778611255,-0.0484566677617337,-265703.4404187866,-0.5216090766703374,0.2374841585715401,2.990464418712549,2.771656150789833,4.889608244288826
2022-03-04,2.8606039383492288,4.519148614624591,-315660.62124996446,3.257349415296538,3.3733827531562994,2.9473736657012566,2.62719573698572,4.8652073823480135
2022-03-07,3.279937653146632,2.3425035223804827,2063254.865180024,2.75122499678664,1.3813039568711432,3.0490488561225777,2.5347202061391734,4.810111413981089
2022-03-08,0.9593506432042176,2.634306833445933,-492189.9409798165,1.807566136794236,3.7595881337461066,3.2893478103775022,2.4188227092908585,4.761417448537566
2022-03-09,2.014098862987595,5.249406429676895,674344.0891780113,4.313960422975633,2.048634755451573,3.6111816657077274,2.33132884654988,4.715823658124914
2022-03-10,8.40728296380265,7.963278300611584,2487373.122707768,8.99786867277082,10.07780029060752,3.9232325204918808,2.297834919728328,4.70232262007019
2022-03-11,8.354087131245535,9.675778073088525,1919712.427672272,8.61718781251728,9.164779229470255,4.100441345070512,2.4058781064887143,4.671510961601996
2022-03-14,10.371154258610147,9.116634724780011,3948660.361824279,9.15477733583328,9.284643301550467,4.479374594561334,2.3588028201491196,4.653797761128995
2022-03-15,11.005428403860591,6.375106179997623,10569690.342624009,11.9507239064446,8.056273410172551,4.602375738660414,2.221490396239286,4.62247780641413
2022-03-16,5.465494601567755,1.5262319306037997,-3525484.799750355,5.864325611780565,2.4574143609392536,4.567136156351454,2.1505385675830544,4.572330096328521
2022-03-17,-0.4653862350512128,1.150861231130257,-2018238.5175350104,-2.861766459237991,-0.1064563001006035,4.479532941766281,2.0750300884493815,4.513825159725354
2022-03-18,4.589185511988703,10.382013713194835,1643634.2224839702,8.459665671341575,7.672098977978507,4.551249032547552,2.057945769561322,4.483589554160056
2022-03-21,9.759088704739868,4.355018567405736,-2271593.2637848603,8.961749058816181,7.414499059614727,4.409327953485876,1.9242722821661145,4.420493115655453
2022-03-22,3.290734625569968,4.473371548034535,403745.31484079175,1.823448958084384,4.723316970933041,4.439539532708406,1.9352997724803453,4.339677542387133
2022-03-23,3.2014800080688275,5.126888358631994,-3394843.202559639,3.723579468249895,5.282153315470687,4.584342280080426,1.967523602822917,4.26873385892398
2022-03-24,5.010783606486186,0.7735057095068711,738278.3508952437,2.955382434732016,2.121751613275279,4.543837249531006,1.9496930949188103,4.198037371493068
2022-03-25,-0.6251110510140734,-2.5715465373897857,3243547.525680378,-1.658944013737468,-2.382505455246573,4.488754274059623,1.9216406399618267,4.136854311061598
2022-03-28,-2.4241203686326074,-0.8691894692104327,-3146742.226958093,-2.6132879545542806,-0.3627656509208279,4.316597043129138,1.8991958446225783,4.045703557785864
2022-03-29,-2.832281851955429,-0.9298396472525994,686565.2319854051,-2.410023815723392,-2.2328794377661936,3.9741846644251453,1.859688970729585,3.9171685408032078
2022-03-30,-0.5134364197486221,-1.0680563324163543,1612732.4237220185,-0.1867335581295037,-0.5252412040776804,3.9069769297251598,1.7377295624551385,3.8104725669867836
2022-03-31,0.5852430161205291,0.666694525421498,-2680301.0544834547,0.6063391333543819,1.642644055779655,3.63539686755014,1.6819431277688048,3.733651247605351
2022-04-01,0.3317031388115055,1.6132190121445331,-748959.0194971359,1.413255895714336,1.4589168516125852,3.5174164403134496,1.703824750302828,3.6562440739943507
2022-04-04,2.9125434662430365,2.5355032016106094,-1481525.3597515456,1.104040933024507,2.148863621653668,3.544889618359866,1.6627545606728555,3.603044686393654
2022-04-05,1.9476377894706545,-0.9732052586700348,-157437.246889194,1.7869082922947186,-0.3044295896218187,3.4242592186224883,1.6640722287077685,3.532150315838637
2022-04-06,-2.0366562506603074,-0.3615896737837119,2883474.252643688,0.3539333831254012,0.1593267007841845,3.292326918142995,1.7286470645969323,3.4472810292928173
2022-04-07,1.6093168355751288,1.5514592246621604,-1687715.8044499494,-0.0272294957289958,0.6441572983949229,3.2967737334352867,1.7922821214632918,3.394673744042708
2022-04-08,1.562368465838567,0.0343848605255985,60385.54872064758,0.6827490528791031,1.0785873969392057,3.1959129400822417,1.7803457182697249,3.374541650279027
2022-04-11,-1.4536261530075905,-0.0539716105589107,-249091.40756725476,-1.4820082560524952,-1.4453682950511322,3.0241618366245473,1.8452965371134393,3.3333335620145323
2022-04-12,1.509701310395144,0.1492718551270755,145496.64446283225,0.9274286799701555,1.335992341382564,2.853084602762207,1.891147552646291,3.285931617707019
2022-04-13,-0.2916425723812779,0.8278825050211154,1400146.5391567964,-0.4836345112071001,0.5346296260195302,2.6257754290603765,1.8610623216051692,3.247643919743201
2022-04-14,0.2756618705646545,2.037215630593238,990160.1320620566,0.9770729321851804,1.3961777196915932,2.481965660421882,1.9293810515666845,3.2360297092663255
2022-04-18,0.5915788560305941,2.0246054055093765,-786573.3652124307,2.626108942136689,1.7512634853968765,2.487742925341955,1.9546714057609498,3.201157924971138
2022-04-19,3.5348969555569383,6.960080580331017,3546140.2002237565,6.442544472777001,4.099981586998986,2.6420762224550405,2.0644868484574284,3.1622300057082966
2022-04-20,7.310746083433763,6.090481708574991,-436341.42965360265,5.073257398093951,7.050027964464931,2.8281046581016076,2.1145312265492655,3.1320360175787294
2022-04-21,2.0680107612307808,0.9594701729391488,439540.5830420088,1.2558091617975649,1.5123727998292935,2.7202356144141704,2.2078451746020167,3.0833385758757395
2022-04-22,2.277142937203628,4.882190959885705,599270.9025606262,3.998987221781576,3.423213825645256,2.797195839793116,2.3072722736117015,3.0901948450188446
2022-04-25,5.435001261216513,3.779867079677985,1060353.777056113,6.914728915737079,5.787808511593319,2.8319097866486325,2.4632781667338763,3.056956440104561
2022-04-26,1.4715635499727997,-1.6460943887566015,5391336.517932443,-0.5483019247025069,-0.4078045393881808,2.6229552163930725,2.45522870907478,2.976022669829428
2022-04-27,-0.7510431325858633,0.6638031565608102,-2181457.922974264,-1.447295408587614,-0.5282714027549176,2.401758999906685,2.581322547231152,2.888322399965437
2022-04-28,0.8598064830551877,0.1824173678053711,-1091940.7805995685,0.8269276182899787,1.6618761953701269,2.114081402776893,2.5786684739092345,2.8095618498601977
2022-04-29,1.0023966149169323,0.6371582054339271,-2565551.490670636,2.1884353501192706,1.3407659801540035,1.8571275688573146,2.507019487865678,2.73581403233682
2022-05-02,0.50111934004331,-1.930576591949361,321597.0859274417,-0.8140324928142775,-1.6155103566945854,1.6054402121316484,2.539506113729583,2.666136252049521
2022-05-03,-2.7265598861966467,-2.053616492149537,366368.5033272067,-3.259310894690131,-2.9303583337689645,1.496959956896699,2.4941779173272804,2.5843111948308835
2022-05-04,-1.7558525686614883,-1.754633981679362,-834597.4719546353,-0.9152046239098012,-0.8835558152499416,1.4089146474176195,2.5285394681122026,2.4960833461067895
2022-05-05,0.3922396198001223,-0.1065935328906277,-1348645.6199519795,-0.3559580628554712,-0.3666110666708704,1.0910780642029083,2.5120479448587894,2.4451376838059447
2022-05-06,-0.592263013103377,1.7516804616105688,-983296.8941463192,0.0724705314082356,0.9854387267183996,1.012189030693964,2.534089200290094,2.3837588107967354
2022-05-09,0.0571150736963872,-1.6008045880810826,-396145.4481567631,-1.0053587307661118,-1.1728191056812065,0.8281230871753088,2.495990435383114,2.327123610131645
2022-05-10,-1.1634940960675166,-0.5367105391919011,-264977.3748557619,-0.1334894095402035,0.4377141669263125,0.6564988781503424,2.534015306414878,2.329104565232084
2022-05-11,0.1881369142177007,1.165097374449836,2382887.964462943,0.2441319571412705,-1.265652601649876,0.668365292239523,2.4968948438500145,2.3201215359589824
2022-05-12,3.1411920302264,4.580615380411551,161563.58026223164,3.901990911175489,4.514529843020263,0.8850974715668363,2.464274384811864,2.316913408254772
2022-05-13,2.057851199991795,1.6739199658970705,51687.45131994318,1.397597701786566,1.199839845673246,0.9621613938428213,2.3823754844673632,2.279865338065276
2022-05-16,2.629597687489884,1.9076651133303957,-2094606.3796058868,2.0165306212321568,2.5283804945216204,1.0481463865877605,2.3491777818255337,2.24151878435423
2022-05-17,0.0285894364810772,-1.6773835866172035,173489.05819495372,-0.8192132658488518,-0.8289619247890982,1.0296819243392499,2.334533095355129,2.1605242008519143
2022-05-18,-0.45830792074441,-1.5376807208441503,1172802.0376635557,-1.0107719750918065,-1.7358170786866154,0.962882674452412,2.285416581525637,2.0885889650205187
2022-05-19,-4.312729866408347,-3.0825836208413198,9846680.276545854,-2.951277926176509,-5.0228633433744285,0.8205856249679924,2.2752065153567638,2.0539934617225506
2022-05-20,-1.4629653989429665,0.6823596290347069,-3319525.5494895363,-0.5643767384679066,0.4305590230948226,0.7644297591323589,2.2574249817353502,2.0427355674192587
2022-05-23,-1.5630744522287363,-0.4281137557296759,2508063.4795764927,-0.0148587996160429,-1.2252518189992898,0.7809476834638849,2.230609355091836,2.016246079060678
2022-05-24,2.2902766832970087,-2.7318230736499203,-2289014.94246808,0.2977425810368359,-0.4959301433805407,0.7091224289224847,2.1331602928710818,1.877456444999915
2022-05-25,-1.381391999694884,1.589438827706715,-1054002.9034542665,-0.2248407391132261,1.241826584716339,0.7102733259844408,2.1623986815141136,1.7453057756791601
2022-05-26,2.769166593918456,1.9902448468754272,-522721.8589412654,2.3284105287685577,2.2112184631864515,0.7695418104192843,2.24426164223144,1.5735993662248802
2022-05-27,-0.2741083790093697,0.2672833454058292,-431613.53879661066,-0.8940896413387094,0.213318927252839,0.7792768090848823,2.3076143853957807,1.4599787093979053
2022-05-31,1.1481063792109616,0.4973397773057577,-166304.37346492615,1.8113616029519548,1.572475947788014,0.7898243218781758,2.339431685222424,1.39123754524104
2022-06-01,-0.2230117181251785,0.4684750136712736,314354.84813007247,-1.277696531205244,-0.6578042828057917,0.7789331857766655,2.3016854846794748,1.3346101684230163
2022-06-02,0.2080773388935028,-0.0486797209085629,-280185.9354247125,-0.3644701277036333,-1.735973615782182,0.7157242357311564,2.3392077631908075,1.2681938688888736
2022-06-03,0.8311309617213567,3.519740120140117,-959797.1135238836,2.8202118288141165,2.6403947211720222,0.7610313482957242,2.3527321642628536,1.2727551795911578
2022-06-06,2.840699346166783,1.9772230388821013,-392650.9414648544,3.6703757963572334,3.430273726072397,0.6100356652215148,2.3447331181064786,1.3006573851975765
2022-06-07,2.5176875033191664,0.9593273024207392,-59756.34616251569,1.3617948506003614,1.8470453235455933,0.45454613776229486,2.310098960690521,1.3613331226111076
2022-06-08,-0.0298844521965975,2.0698403885657517,3008461.485798694,1.0788486354192486,0.5163915316883063,0.48819372005401007,2.24329511429898,1.3768346043450739
2022-06-09,1.010965917652651,-1.7229609408745503,8130927.533300455,-0.6480775788781443,-1.224402554469826,0.28803760184915383,2.122380787138131,1.3499714228622506
2022-06-10,2.254288160820046,1.5806500200051623,530424.6685221819,2.445767893225401,2.465756089673864,0.22139466064694716,2.1010803442877277,1.3571901669425022
2022-06-13,-0.1136618647778568,1.257343067457235,-1123287.6327224728,1.5445205744751649,1.661920130749646,0.30937761386554824,2.111293213637187,1.3673200613769496
2022-06-14,0.968986043837404,3.7727228317390207,5167462.559315331,2.2546034071156527,1.5325550996442736,0.40358730099216067,2.1299735632338312,1.4473842783357156
2022-06-15,10.58173807318956,6.541252107712815,11532126.488157412,10.912778843207988,5.3548865528942216,0.5962792628075377,2.2119405346332353,1.4774630561919124
2022-06-16,5.183617759486083,4.834247221682041,-5043596.058823511,3.962809971162038,6.109445098272978,0.72346377845142,2.212190512949937,1.5330823788243229
2022-06-17,3.2350035318704613,6.39734932513943,-616922.4936916567,5.95351620126948,4.682027750774907,0.975825169878353,2.167556585704546,1.5560484722899626
2022-06-21,4.678871357419823,3.536973506149046,-3440273.7417696435,2.678308717937739,4.542488985871358,1.145236988008613,2.1943787721479837,1.5584421257702712
2022-06-22,8.49707116422546,9.869805422981068,627666.6481158463,9.388248199258015,9.055848251600104,1.4974927275437777,2.1970862872691512,1.5654958978161064
2022-06-23,8.42691440300699,10.162902725731009,730675.2050817879,10.105028298787415,7.717288273734589,1.8086895838656456,2.2494045975475294,1.6012611141930113
2022-06-24,7.833611720874643,6.539733187636855,-769367.2457731962,6.950050612501798,7.773834174271876,1.953782090714927,2.3045826296998664,1.6432950557296162
2022-06-27,9.365807466592727,7.469238868725057,-408161.45633149706,7.989974623683409,8.106660390542253,2.2286318924363253,2.354713426734267,1.6840212866046713
2022-06-28,3.93204794239319,3.779624459583687,-1221532.344726828,3.42704511403808,5.197122563911279,2.359429922702252,2.352325204459482,1.692607532094358
2022-06-29,2.313284783848204,2.528270835696894,-1293108.3247532854,2.5478396352137764,2.9478978745104314,2.400738209406708,2.3649494349727442,1.6945032270559561
2022-06-30,4.799909922644545,3.168884508165661,-1856574.9395269635,3.4115618547849635,2.6438910630567776,2.3579584860053178,2.362770709882739,1.746970361983425
2022-07-01,1.058553979205577,0.5413601940883126,1322827.793034166,0.7504659814888726,1.140307397316974,2.323638492920203,2.305776837866372,1.7420023323563538
2022-07-05,1.244386790914369,0.8303306683777336,-1502680.8193677263,0.947015330516514,0.9651114449321057,2.2909919945883046,2.249996052425849,1.742808952484672
2022-07-06,1.5846303884605533,4.528335686161206,-366528.33400098095,3.3632279795076983,2.6912267294094576,2.479044093763408,2.207291001290789,1.7404610103844143
2022-07-07,3.3343697915395225,2.4592896567980347,-2984952.6002653404,2.392927265286332,4.145689664631838,2.6001644082374136,2.1587106828765696,1.7445620079120183
2022-07-08,2.353799877657572,2.058632924996651,1808193.276418348,3.379698825756286,2.811961228326588,2.7559588490203826,2.1612351464928583,1.7227631400820436
2022-07-11,3.0151464430649924,1.2544761356267315,-1409454.4526257534,1.6365745950608712,1.846534735407296,2.7732957128565046,2.1543519370549653,1.6949700186893808
2022-07-12,2.959988251297304,6.971007805647417,4430063.628919447,5.495994113255172,4.008648724359368,2.9975115177467195,2.233222324396641,1.708364389874383
2022-07-13,5.6099298096965455,3.632098689297429,-1649029.5072818818,5.445893942338948,5.22783950190626,3.190357631775427,2.2232554713030774,1.7181672549129574
2022-07-14,-0.5859839052465503,1.7889447549440405,142970.57786971144,0.7943899078716683,0.2683519282749316,3.1964032659341335,2.2170357098712072,1.701907256806771
2022-07-15,3.4013794124582333,0.7170764762265875,-928107.2060659976,1.136643156868011,2.305531525398351,3.157822406217502,2.195493795745147,1.6983062294428346
2022-07-18,1.0072367586695847,1.3613661556883585,1378589.647870136,1.0435401252205665,1.378580197694518,3.190976430771519,2.151807949969995,1.704967791942152
2022-07-19,1.0546916956559684,2.856606705159521,-1240344.785621779,1.833085663846731,1.7602034291438144,3.2624693679792083,2.094429617436826,1.748486333139906
2022-07-20,3.928644815898792,3.0247589447072087,-105681.99941738974,3.4096300486446864,4.0364306851394005,3.33993251740454,2.0196990654325413,1.8031697368478832
2022-07-21,2.202202355737924,4.115894358436663,-708749.7976712389,3.219275661291612,2.618873845749853,3.466131731930153,1.9635109714286838,1.7984133482606843
2022-07-22,4.862042321393943,6.22664760034138,1585614.1058735354,5.544350658301319,5.271331831766908,3.5481592313301906,1.9618428974999618,1.8358995959671411
2022-07-25,9.39900080686973,4.924877234347122,1590054.5663252063,8.510049444715158,5.731165130373938,3.6374820857382213,2.000029923384718,1.852059838988887
2022-07-26,3.136707594694116,4.667024674074007,-1100850.946421226,2.789275815381004,4.5246311516953455,3.7498365515458967,2.0395373777998165,1.8222832445277035
2022-07-27,3.429701447239566,1.0526124021905543,894566.9698013407,2.6874810980696964,1.705325619771223,3.7190114610496785,1.934712643968308,1.8098725221662715
2022-07-28,1.2182455207796252,-0.226272493704883,1329154.4628955233,0.413908996223391,0.1220895138730497,3.7643656564184558,1.8832374635063907,1.8276105132461276
2022-07-29,0.1882104775535111,0.3519544416717224,-1204934.5738120545,0.5378600818759267,1.058927683632568,3.727132457075019,1.8369294061315278,1.8296412392913592
2022-08-01,-0.1592703026775765,1.245234034267007,-1040435.6316753264,0.462986516327156,0.7983334127760671,3.726765516675315,1.793315312599337,1.8425999502934383
2022-08-02,2.0993568085851564,3.261886603553336,56626.46544954926,2.7739686354413777,3.111504613694997,3.7112856309727182,1.8212746484874995,1.8413685850648713
2022-08-03,2.047923010173875,1.1367676406700795,-999141.362408705,0.554224203202196,0.5904116312045176,3.5475133743956655,1.8629410999263745,1.855685871564937
2022-08-04,1.1422218111980271,1.201704890000883,-1121313.7184519907,0.7270593315777347,1.633575981056751,3.437436334041691,1.886209575872569,1.9012018870392713
2022-08-05,0.7915983880296338,-0.5149179590158255,384767.31206666864,0.2169533849733511,-0.0339874489404294,3.22797368906729,1.8908716173134317,1.9130010888828477
2022-08-08,-0.5009996890137245,-0.7587296045842677,-865434.030524021,-0.3632455603130466,0.0522793500712239,3.0978008675299162,1.8943471985250282,1.9513074969699389
2022-08-09,-0.0135015936518954,3.1719525234315995,1191920.277350749,1.8800156379523896,0.4046697179008021,2.8948356281496292,1.9224961647948047,2.019334361713474
2022-08-10,1.7096061120906114,1.4782158167895574,-570092.3566015512,1.1851592326624072,2.6291113479642547,2.631663297575646,1.920979274959355,2.079047290416113
2022-08-11,3.360603097970277,1.3184633179604504,298411.9194776602,3.3213943026172714,1.9234524084657352,2.4734429984945425,1.907304669525084,2.0853963123155244
2022-08-12,1.931673810976385,2.226818454530701,-687617.6207527658,1.681465321624998,1.861314646337263,2.3145817738219865,1.9432599921453166,2.061609316770618
2022-08-15,0.9393881172461818,0.2807264671528955,469873.20147016784,0.0736902538213044,1.0405257391913878,2.2085545619301445,1.9504770274367391,2.0445189770489995
2022-08-16,0.7305575005073308,2.0762772575828734,322958.7759284461,1.2333349991032136,0.6949505267796425,2.1948577868357804,1.9563738592673092,2.0858456162093697
2022-08-17,0.5258093156020465,1.956148680613197,4493979.81635176,2.877259650438795,1.6146544011562938,2.1581082163038876,1.9779667111784054,2.156676050464691
2022-08-18,2.383928823318506,1.9641156673809377,-1934026.3078022748,1.480555890373104,1.906711625736385,2.2012220185248763,2.000641849132786,2.170156364643717
2022-08-19,3.274829225088986,5.775521918486028,2134872.635743509,4.89656813909027,3.6570735218059935,2.3510762988311877,2.0638581419795154,2.206477174869812
2022-08-22,6.633498900592095,4.17244265362865,-1493890.1219028477,4.831285213000733,3.991260398302984,2.3402916614817166,2.1014374694919598,2.2215469487774
2022-08-23,2.255622899978178,3.939692417149935,-1396407.3317553424,3.4741315445543397,4.355434925923632,2.38515235118935,2.1228136131611364,2.206172381619338
2022-08-24,5.178216985280528,5.689239077141927,1117892.6375485065,5.974751999061667,5.140201389126197,2.4951707194361763,2.163989272392963,2.258417926444094
2022-08-25,6.4661794612675365,5.29911153440645,1201581.172188602,6.5540997422853735,7.007593698204673,2.617735428490107,2.1453266988432484,2.301991441730525
2022-08-26,3.478104022663601,3.85371442658888,-1558981.1951423464,2.779190093042864,3.2049078473035024,2.5232719927610603,2.120194482191719,2.3198378001959687
2022-08-29,5.2415706554024055,7.248512521596908,-529354.4112436553,6.399156441171677,6.159226443688233,2.6328602907095298,2.190857879367649,2.3326138860057535
2022-08-30,7.317901369558825,8.0323620195433,1143821.8969472805,7.836734826292314,7.336019416849076,2.8220547532731435,2.22625305981324,2.387142098574088
2022-08-31,7.134379232785555,5.181105739677406,-1634887.948911669,6.303434760533193,7.007929854117684,2.957328367317108,2.241997314419975,2.3722601630636557
2022-09-01,3.280518437164893,5.11125137359921,-518872.6180826344,4.142121345563666,3.0847083796357357,3.070961252708346,2.317922547704872,2.4130681942123755
2022-09-02,8.143039938714018,2.3166512872289857,1781924.8307384818,6.82813854246794,4.362528642770926,3.0545989673165117,2.33649387501575,2.439322759007266
2022-09-06,1.2928401335129251,5.115414909110754,1371722.7760006213,3.092810757016025,3.3610401789396604,3.117952178359043,2.391920813682103,2.4787358984991927
2022-09-07,4.076457426194175,2.3926392850961733,-771423.2123321691,2.955101228906948,3.9945954937236863,3.0657323276517556,2.411645320195162,2.454913557355304
2022-09-08,3.1597560724067435,4.629733861541283,-673342.0542090279,3.054986047183604,3.699328218797902,3.017341002233571,2.485356673605169,2.458624685877586
2022-09-09,4.178359609093654,5.10406004183092,2047223.805432885,4.969433683216224,3.747985446409935,3.0227707842785345,2.565780005447646,2.4473963704076995
2022-09-12,8.46822942913898,9.398744550232877,1286390.8068399755,10.121017512817431,9.000980148725297,3.1661562350712273,2.6910988653567722,2.4761708641173534
2022-09-13,4.31170417062868,1.9945781233260649,1023859.9943121946,3.734190938282161,3.971432075001381,3.1947006508632128,2.714707535651342,2.4653475172494037
2022-09-14,2.454010923904235,4.300091072591236,-2275733.857168878,2.4734992639524265,3.6008789205041936,3.3318631831752166,2.7433413627410124,2.4751314037342196
2022-09-15,5.05579176424029,4.535328887527982,254309.53601244604,4.022194049324831,3.776973961338939,3.458632105776921,2.812286682691676,2.533050888064708
2022-09-16,7.7804816293432,6.69417634677432,4125108.051963616,9.281947074028205,7.814428478896836,3.623751569792294,2.8935326027587127,2.6169347103160554
2022-09-19,5.741809789168933,4.905295173103113,-414797.34857004136,5.558645643550577,5.29400139386501,3.6735518294756204,2.935557297125603,2.642728293074704
2022-09-20,2.5606270610584545,0.6876067223942499,335017.9028934026,1.118578426255091,0.7512380875761835,3.6599408925581716,2.8918156268108017,2.623206873151415
2022-09-21,1.7932457641790691,4.193206908557713,-1127628.6779173007,2.33299192056866,3.382945679508161,3.750592468878075,2.920122221672157,2.6405077658091063
2022-09-22,3.4758500808416386,6.143578533837058,-191506.89942866095,5.620253282426745,3.849219666460222,3.952365089873617,2.9677167544868386,2.6746049019147837
2022-09-23,8.145366974875003,11.53375800042476,4606016.80039681,10.879444863729937,8.566240186148747,4.3248647142678305,3.1161565475996698,2.77187181514534
2022-09-26,9.491566788126072,6.66349598704042,8384496.558296713,9.261971561886462,9.178589980105698,4.430669061649915,3.2083046004972493,2.8065912672992583
2022-09-27,10.06957680018786,1.254972168968095,13711396.611131972,7.435787233568107,1.747877310688132,4.423904102625023,3.2570411824052203,2.7726356676461683
2022-09-28,-1.929234129733416,-0.3045158627407929,-5004127.195284363,-2.385093283688377,0.5072389466740148,4.374722915331046,3.2459526937335856,2.7289021789870094
2022-09-29,0.5003249040247226,1.7854245517326817,-4056833.094130981,0.6894982039413904,2.1208044224286624,4.361347342518984,3.2708239106713646,2.6619892996245293
2022-09-30,2.1724699959544367,1.1475503151747048,-2075483.306467994,0.7999788043904843,0.8093040323955591,4.387614731852979,3.314412375714338,2.621537473647926
2022-10-03,-0.7411131405250515,0.631975023057926,-1523873.3622070514,-0.9759821584506838,0.4502996562433523,4.343847997473435,3.3036543554373856,2.568673915579737
2022-10-04,1.6057171066775735,0.8106293020228108,266229.8284773128,0.926579096044314,1.890457142887108,4.309135289031302,3.29040024819185,2.5162029674612776
2022-10-05,1.1654796211402072,2.109504582861746,-1946739.6330717597,1.305467036649432,2.1726054413346105,4.313541013742841,3.3110993632194448,2.4782856575691405
2022-10-06,1.9651875999658444,1.4665948864460177,-2265111.717567193,1.685827073478933,2.1572042553003783,4.182967467317387,3.321989870063718,2.4843228268182043
2022-10-07,0.4464660308659702,3.341695183330636,-799290.2612509218,2.2004028262715565,1.3604195347704362,4.157793301550781,3.354273242756519,2.4415561314290484
2022-10-10,4.399738856816462,4.925871564992903,-846271.2672738498,4.305181402928277,4.8078932670591925,4.187677518152083,3.4101670774295694,2.3828864303862156
2022-10-11,4.996429321750064,2.46804400984086,-534829.6565177424,3.7966941023636593,3.997972003758896,4.090065546415687,3.3983502672014883,2.3598267708533083
2022-10-12,2.1198309291415995,5.126430306810832,4299775.613484944,5.3511191433522285,3.3255080680218683,4.084832781943092,3.43373461852653,2.348047004470405
2022-10-13,4.295769301615735,4.127843315748919,-702715.6420645579,3.3264341074019086,4.584025725447702,4.093139717978245,3.4693359220470716,2.3146793015584604
2022-10-14,4.05451600673068,0.9401738249465764,-584491.2243849342,4.241646713821567,2.152390044833396,3.9019779392918714,3.4566430393097773,2.2489634855900795
2022-10-17,1.3871787977091046,0.2248665126123725,475239.5449850075,0.0401302974989263,0.4494472315777287,3.66538716635457,3.4785287410343493,2.234941775729755
2022-10-18,-0.4301949319096252,2.1102341537107563,24908.69210055284,1.6941726624914892,0.6043017993221795,3.572330451628308,3.4844791245591313,2.234303435367385
2022-10-19,5.836490492319385,5.4038660441536805,573141.2871871926,5.126723236770687,6.439062727714095,3.5811975628572315,3.5310692703647093,2.2473654316385487
2022-10-20,2.992921539437482,5.423005012842708,450988.5568159614,4.029935845562882,3.6611836222156455,3.6753294939364354,3.549611766781605,2.2709614962697118
2022-10-21,5.4572334722154,6.640141150215278,-168893.62965963874,6.138396824063165,5.9764863034531714,3.7215333194244504,3.5507228796187107,2.294617049206333
2022-10-24,7.047269582095865,4.10653952169524,-71739.35778547358,5.530985456279453,5.8228580149920575,3.773469690230483,3.5425463886076236,2.3011418019637206
2022-10-25,3.285501401499296,3.886195708963705,-1494686.7815532866,2.7278108518013937,3.687073621353157,3.7509382310614656,3.51433117943711,2.2758193328862717
2022-10-26,4.91775687364084,4.990149718140884,-645407.0892207331,4.71033730985458,5.370001823794361,3.747486403070859,3.5306590020437594,2.273065953082132
2022-10-27,5.204997208977979,3.165049682078888,-592747.5605638134,4.788205936175295,4.055983885967919,3.558586558581344,3.455324667876319,2.288084386882401
2022-10-28,4.064483657481723,4.797578999437192,-478681.1082953026,4.797877245330923,4.647130000354451,3.6435259790695596,3.395040131625827,2.282105111864199
2022-10-31,4.116759183656299,4.608936331971293,-703119.2741597444,3.217260673886699,3.9607372870772224,3.652884926323501,3.3733457849329556,2.3065661163523905
2022-11-01,5.119754046827239,3.508604934710654,-563386.8473185822,4.415207796771028,4.5064035867275365,3.6217720792684305,3.328844280056389,2.3478423180804158
2022-11-02,2.841917861733812,2.9015182941337514,-18017.119537727907,2.703737625258732,3.164803639697197,3.5068430473702312,3.3189779186468393,2.377943516065728
2022-11-03,3.7037832887557016,4.1629393844627245,-841848.453498642,4.089309076603477,4.054496602568037,3.4843474174114317,3.3373449809925226,2.3911032355494597
2022-11-04,4.875358753930733,5.7663535763944935,358692.9054813306,5.147750402849937,5.511101320392655,3.6382488372296207,3.3665300267029594,2.440892712219177
2022-11-07,5.034640496207345,6.519413410491218,1488016.8451801457,6.637872433839362,5.230659543049434,3.7087399433488177,3.433699163965913,2.4857462827676233
2022-11-08,5.182370975315919,5.733145345369863,-990609.9610643692,5.087364117772303,5.626742205654146,3.696302574001327,3.4887869693253752,2.495307129452983
2022-11-09,6.571221433133289,4.574973357478633,-989453.8516354952,5.771971389639546,5.837670286622419,3.485430312093869,3.489310988104223,2.5322947890815675
2022-11-10,3.823820935738944,2.1400370680273824,1640761.2794557582,2.8751902045518563,1.3364466087304976,3.3483557993965043,3.4857238803652266,2.542450467990613
2022-11-11,1.8177754597249132,3.112830721701272,-747783.245947103,1.736644885543285,1.8804848062700612,3.404654543418722,3.4975687994293234,2.5678853372668233
2022-11-14,2.239942854000283,4.334113338765,-12381.676798892207,3.8173843456922327,3.2144440912781533,3.5452190646764725,3.5321714646331244,2.579462939328469
2022-11-15,4.917332768331477,5.335194445386421,-266521.1781439781,5.116760255555107,5.988318650751033,3.652787849332647,3.513791539236933,2.633886397050109
2022-11-16,6.944418635776614,1.7852495951670306,405107.1215178773,6.25197860248749,2.9219349350334056,3.6721120699384744,3.4930404258197374,2.6585733946773336
2022-11-17,2.049602971528216,4.348213463501054,29333.23592563998,2.7166028849533603,4.202289809523407,3.7847253560125087,3.521796254005772,2.7206028833970612
2022-11-18,3.283398404753917,4.190290698628978,-1189112.077332953,3.022063882599184,4.152828365525501,3.8871393377278474,3.5608211329091692,2.742577060889448
2022-11-21,4.175786213112943,2.892200012954085,341298.8912204995,3.598226459982911,3.897512070060543,3.9108573810639786,3.5780215133278848,2.8003055950195352
2022-11-22,3.7974978312405128,5.150516806324028,706362.1442760606,3.853691451903991,4.176813959402466,4.0224913786360394,3.603795784127487,2.820614122542574
2022-11-23,3.727853250104552,3.7070208561027655,-152969.64048140263,3.766395367095271,3.787018292197537,4.0335618535685285,3.61146164830047,2.8064214310953304
2022-11-25,2.8873419954850803,1.6891730894772792,-719423.7119532577,2.319689655286787,2.7196605093475767,3.9354800815832065,3.5841951171885666,2.8343658919679235
2022-11-28,2.441617797887197,4.49835452775568,-43672.40576749132,3.359136866435428,2.2913442460078883,3.9970046427321404,3.564776093901087,2.845171735487667
2022-11-29,4.954661617325726,2.478919178502572,-736345.6878240891,4.2059777958158975,3.638094015337387,3.9167770327834055,3.5372934191163177,2.8764667190929893
2022-11-30,1.4668535146322623,0.0270437747205107,1190476.348703114,1.035259242951966,0.7519416627648567,3.792510380024969,3.4851588022696487,2.8707409325610462
2022-12-01,1.3718146238232904,2.3761282293727817,1898568.2749895125,1.5147485130638572,2.463204367603467,3.836024149856066,3.500029766620011,2.881840157887863
2022-12-02,2.982135177826578,3.4054944063937214,-2092628.496898216,3.0598250959639017,3.522862390491447,3.932406813303986,3.5408361362840397,2.8887736725563338
2022-12-05,2.522240151183503,5.861462218785775,674911.1759513773,4.903544745491935,2.7314159892094523,4.046080391033532,3.602740718049367,2.930758163027598
2022-12-06,5.645143933872454,5.474301130024017,1174090.0803228808,5.5887024216719965,6.00070944645379,4.0482147875750565,3.650258325866861,2.935073538938763
2022-12-07,6.881447279094672,4.060492900957286,1120771.0555066313,5.9335781799836695,5.005064188374021,4.006926541760347,3.6592314303320737,2.920381078278464
2022-12-08,3.5232366362024763,4.81240629381476,-922234.8933752498,4.620249183527179,4.788110148266753,3.951540637020938,3.7005307410415647,2.902567705734503
2022-12-09,4.860828734687743,4.8335134437701655,2774293.09855001,4.270582923675569,5.378368880872479,3.9735701498110867,3.7413375787243655,2.9024443271736318
2022-12-12,6.777444265550699,4.514927009175089,4600117.388845448,5.884625502580377,2.8028669027708304,3.992622613453856,3.7978526907265104,2.9234268743836154
2022-12-13,3.337263671793771,8.199387798163151,-86824.3762282664,6.958372972431121,6.069061252039056,4.08987225224241,3.8985056952517625,2.946455624547489
2022-12-14,7.559965165608354,6.692033045314588,1236414.7935830322,7.728995859461193,7.872789391032995,4.1967505359768245,3.9380571617897737,2.9845067866810773
2022-12-15,7.60929384541658,7.332061621126279,-18555.622033677995,6.391603005419292,6.666066306425449,4.273553039664374,4.003830710153108,3.006254192259557
2022-12-16,6.963175980359949,4.6989977584904565,-2237866.15807409,5.506579143115047,6.504661400344531,4.276282173801317,4.04181424319277,3.0180160838601897
2022-12-19,4.4548638533331015,3.70746087490177,-1227896.098677647,4.095008194519799,3.968829412125515,4.282308111382866,4.058450674882333,3.0084294633061326
2022-12-20,3.9566219095519486,4.6497126704794525,-1006633.9848950476,4.027651059707587,4.903653140715917,4.335283698544857,4.10754040750398,3.032731997349061
2022-12-21,3.7024596800109393,2.546852415595602,496766.0597943938,3.094697652662852,2.93953131002462,4.286311366154945,4.112827768829965,3.0663904139695
2022-12-22,2.568817075223073,4.559636513597297,-1177235.5464699685,3.696249573735898,3.778325443649223,4.249744182433817,4.142080441110686,3.109011647058847
2022-12-23,4.427165392147977,6.002671168107177,227013.95172611484,5.659555996075838,4.939260286280586,4.2340853266039975,4.187457469208733,3.1447930679831932
2022-12-27,6.201251834140471,5.094721909185395,-1037283.2313437568,4.430059039334473,5.573360345333917,4.214739161871135,4.1798080309019845,3.1502301282715695
2022-12-28,4.641019175579494,3.496927505731634,4004480.1184959374,5.256579741463298,2.745681591319886,4.18207110575759,4.172217973060445,3.179779870821564
2022-12-29,2.839498770382825,4.439914819232492,-1969674.372556212,4.22936278998386,4.65945114097245,4.251764370945622,4.177838449488339,3.188895091398837
2022-12-30,4.230083107475998,4.289884777711151,-378571.06614263216,4.389639811198073,4.958830356929155,4.2874326756731955,4.162115367472263,3.19576524861305
2023-01-03,5.7197871254381525,4.771541149600814,-344471.12507709884,4.482864913405372,5.022999645523683,4.300688063880341,4.156187610339615,3.1988973251673842
2023-01-04,4.598079818529982,5.4378449622128,-675260.7804746605,5.411809469047711,5.410969595039312,4.303798685602353,4.173986829841008,3.187834931368242
2023-01-05,6.196168532576053,2.3818989568481257,755335.1546734646,4.776090454200372,3.091158035377603,4.321878969289658,4.119305778551696,3.159266196520204
2023-01-06,0.9610303077829768,3.80996891061934,1590292.5825230312,1.7216746885848195,1.9769638572372583,4.305568528293243,4.071863159350303,3.1606978680950037
2023-01-09,3.681173110301877,6.127260433090079,332082.9534288659,6.8007892460255945,4.782426763791555,4.36426458085267,4.082494110961681,3.185499854093865
2023-01-10,7.832438313546056,5.338507481026397,-973391.635275344,6.133677691076123,7.059695164072778,4.438395110188194,4.085047550370976,3.1993553723916706
2023-01-11,4.4721944735043095,6.388500352111137,-144687.57782306802,5.267196448605091,5.040015804831008,4.475909763090835,4.130798663459539,3.2300090577948692
2023-01-12,5.760372106204734,7.321815369031022,581612.2332328572,6.9621621893700265,5.8302957585171455,4.585448990755327,4.155589679863137,3.2407808012177677
2023-01-13,7.801379437213761,5.072802484607145,709276.6127227708,5.530439379343186,5.970881207825485,4.687983214850171,4.18570387311607,3.2180470399929955
2023-01-17,4.018413724270836,5.01590854134637,-1095618.364838258,5.334188313843782,5.661057753918939,4.703666669807466,4.190042914462194,3.234639785180391
2023-01-18,5.748713453272529,6.815909894668259,1984463.8668665849,6.248345174203479,5.966152300882008,4.8350906309033945,4.209277182471602,3.2225671384742585
2023-01-19,7.016792851745322,6.4296203999733095,-1088240.3448982874,5.894684769142458,6.424120787380133,5.029108104395904,4.175916236963068,3.226528714821975
2023-01-20,7.348041259623208,6.630130073573717,-873968.6831286196,6.416398796700648,6.208940607234794,5.1580172511898725,4.228001090336637,3.2479932716781765
2023-01-23,4.970519310791048,4.328862475175264,432604.0832501678,4.224967747809075,4.9602328373327325,5.185998101759011,4.228324364522974,3.2536639349507595
2023-01-24,4.407165308480714,5.161164088244647,-290465.0116431583,5.847466191490021,5.413227981227983,5.1647769462880655,4.235356220710802,3.2586810501705235
2023-01-25,6.026966795427207,6.571149150820979,824925.1676365254,5.849576885584035,6.278697073828816,5.198014765100096,4.233973892666382,3.280854590216895
2023-01-26,5.189285615105277,5.507679844006653,-414106.79933525017,5.242414268506451,5.550343379353393,5.24186891488947,4.240742259755186,3.290060121559515
2023-01-27,6.022841069134572,5.308697016696399,-115430.55497119715,5.684454427768237,5.561607210204926,5.256908027704065,4.292664622612514,3.2887506031610236
2023-01-30,5.325716091137394,5.104974380863816,-298145.7853547826,5.427176978774767,5.748927186190251,5.2651341167069035,4.3029092009530325,3.285789889891837
2023-01-31,4.508998787527801,4.969637490722363,3559649.8605965097,4.66625704263943,4.402474188120351,5.2789132222083355,4.289718852153991,3.2713716592203386
2023-02-01,4.83320288171835,5.926638172031723,-1516985.90282651,6.769263559375119,5.59958890998886,5.210042021416474,4.226717505767552,3.267696552681146
2023-02-02,7.214957255774323,6.604748706513277,-668392.5362344997,5.550264510691207,6.311404175232312,5.207397041452799,4.226057423963876,3.2881720593050354
2023-02-03,6.407540511089479,7.591956854057727,204206.90605543647,7.800664692786725,7.322860392630879,5.215272654571933,4.297259499077243,3.3127423386117245
2023-02-06,7.40509179478147,5.4446573206957325,-1222019.5313403476,5.9145631028497405,6.466902418761286,5.237868398881185,4.36185695057653,3.3363179351287093
2023-02-07,6.699004042571431,6.573906916578991,255442.6156086833,6.992833536153015,7.265911350161176,5.32473040014413,4.415660123215252,3.3451366402873117
2023-02-08,6.2942660220847415,8.297125310895325,-883251.7811776517,7.231940810725902,6.950090215754841,5.435258055914307,4.495992426537956,3.3706929569762165
2023-02-09,7.703575439851974,7.307588120552353,-277230.51589931524,6.916439621408088,7.296592042209795,5.579522774246331,4.570999315273848,3.390749958208433
2023-02-10,5.944245190233744,4.62724428185188,1566132.5974389028,5.774470860534379,4.000865630575149,5.581571494496469,4.613882629653951,3.388079734398025
2023-02-13,5.67224038000829,6.335972046911756,-629417.2956215986,6.075854549381546,6.981048509301779,5.591671521126911,4.661371028126422,3.381095587386438
2023-02-14,6.363872000289199,5.580371613881127,-364935.4236635417,5.59142551583713,5.917940458654478,5.6063881788449645,4.707593238547041,3.363518735630183
2023-02-15,5.573849698222091,7.853515511349322,-378072.9604303706,7.212992341840128,6.355597476071161,5.738405997197015,4.758287848974217,3.3580976231261883
2023-02-16,9.203765091330666,7.421441085457708,244226.20317223223,7.704663039483393,8.016501117607625,5.828755277991719,4.786327955945732,3.362588330874944
2023-02-17,7.869856563878329,9.415470317772012,193454.35174555564,9.553519316518198,8.944719942974217,5.9840760519329566,4.864388925697768,3.3964477230945502
2023-02-21,8.910234925001859,8.448698065570987,433908.2549337654,7.809747749340666,7.664108333728265,6.095505049386599,4.901717776919792,3.4277689112251974
2023-02-22,7.856404318413588,8.971190508275726,384559.8986292053,8.931668497549012,8.334902273791194,6.202576126540021,4.956137408296498,3.4217138760109522
2023-02-23,8.962342752212912,7.6211727442733235,202039.9765853933,8.34271115315051,8.82198709293558,6.361341998886238,5.031204811884439,3.435731705096221
2023-02-24,7.495185296992787,7.355972410186816,-266727.7937744933,7.4702552872896035,7.427917851402221,6.468796650388284,5.111329597250443,3.4481033826161878
2023-02-27,6.094071745971306,5.635766070384342,400498.1279103032,6.179479861667971,6.6088648329851125,6.453902881821443,5.150942315415315,3.4502874071301464
2023-02-28,7.341776813422392,7.031154429694041,-1075122.151452952,6.782670071330252,7.497947259622805,6.50519521359925,5.16922645457869,3.4771442685901772
2023-03-01,7.395914380665317,6.436948521686006,-398349.1643004477,6.967580653218491,6.395780133108765,6.506663339950004,5.180619078273558,3.5158073375132495
2023-03-02,7.088206713676676,7.474357416383036,2084741.7973310263,7.40131381103204,7.4614429089224,6.511285826233397,5.189992294747354,3.551616551614509
2023-03-03,6.609609342613204,7.553934140181632,-1139012.840267111,7.573563323240265,6.9555003568110365,6.586471633978079,5.228727065741583,3.58802759791251
2023-03-06,8.396284090980934,6.913037868440874,998974.4142507676,7.888462330039914,7.439829810811105,6.643960401465792,5.262736528207618,3.6222812210921544
2023-03-07,7.931056895296237,10.327747638428685,1871940.4461190896,10.143603617122013,9.042433211751003,6.750379727034289,5.322709538547931,3.66374496835828
2023-03-08,9.787674720229482,9.517832259394808,-516032.01967762737,10.18336808767505,10.042769472807684,6.843961904592517,5.394089118068334,3.6976703471018433
2023-03-09,7.679853834752066,4.182043631000127,1708231.8734568874,6.163637875297447,4.598500972506805,6.769777466938772,5.387172990333087,3.7047370442236867
2023-03-10,2.376096318930749,5.2073478049006,2179406.9410877265,3.746644926705762,3.882655353774432,6.796398234506206,5.393896714748022,3.7312630230372945
2023-03-13,6.6282352709118655,5.220816593814519,4476537.028860703,8.255688947254853,5.640908296192961,6.798205886190142,5.413135047996381,3.755221848220119
2023-03-14,5.798963742547073,3.741758173785719,-784017.5490447441,4.6260624100456695,4.397526130120134,6.712466765673922,5.422575945520561,3.7646222728944694
2023-03-15,3.0185757633411257,5.527472898632659,-591943.3270522957,3.058500651078077,2.8579762073470434,6.7130665552080435,5.437907782758424,3.78819775803656
2023-03-16,5.026638411376474,5.6796764594318745,-2376499.7839441434,4.557825052671632,5.809905604127827,6.724308356503057,5.436933882567834,3.812805689667422
2023-03-17,5.681076583122625,3.3190426495725447,-161107.56463067792,4.463815377829612,4.157900756438906,6.670189213130595,5.400974660535039,3.8264098561671878
2023-03-20,4.282238845154325,4.434978670690448,-219464.5430324585,3.638634123285726,4.569352097948915,6.653987430705385,5.386388518122911,3.841890955590661
2023-03-21,3.242462638286291,1.497971204866083,983715.3605059072,2.7181669851288035,2.0938662148031995,6.519785401397335,5.351815460228388,3.8395766018321753
2023-03-22,1.2761959384763486,3.923109749267141,-1001484.4771155544,2.434004586791808,2.9796902897781337,6.438523614814118,5.371849984736699,3.8477246891444405
2023-03-23,3.927175589060752,2.983953341843097,658311.0197860508,3.2411631362942046,3.762718854634685,6.29888714474701,5.3704019242888545,3.8306597653741057
2023-03-24,3.2714042856896555,4.630070806420754,-734328.5114427258,4.070845709368179,4.321639275886668,6.274202704920494,5.373727289093976,3.824391907424946
2023-03-27,5.664089710518681,2.481324549167539,290102.1376373186,4.645685544853869,3.4010802897177967,6.150185057423178,5.341661335203876,3.83092347127142
2023-03-28,1.4699163377947002,3.399642557093124,-6069.235569231678,1.963340876389296,2.5021412255192037,6.001776489126142,5.35980058196709,3.824560602589907
2023-03-29,4.025184310102596,2.4859224114201623,2981503.87337516,3.919117506141987,2.163581269543805,5.855665407031226,5.338875963404384,3.819007191996526
2023-03-30,3.2878196471351515,4.496425390397675,-2282945.8876186125,3.8150341195344737,5.094688419026802,5.851701198199281,5.342315679042234,3.8453699378298056
2023-03-31,4.2242566446685,3.635300440171612,-1038300.95034711,3.5024767273378714,4.169443894898485,5.769862664661701,5.350665122044679,3.8581231450556035
2023-04-03,3.329362706931221,2.6740344406609253,95008.53164720652,2.743579434596853,2.861883853278478,5.681791841230785,5.322839477486666,3.868816780561421
2023-04-04,2.997606367310468,5.260838974535162,-230616.35701424768,4.468595562462411,4.282414116357522,5.603225885569751,5.340298108030851,3.888660904033959
2023-04-05,5.055159779750255,5.009617228743565,1022366.5292629278,4.8450950554004,4.960988507137422,5.5301403141541705,5.377606469146202,3.9184471436077484
2023-04-06,4.703340479828526,8.116141689186001,373755.4683565553,7.894581408672472,5.357512168225291,5.490766719348533,5.418255763094858,3.96209417442893
2023-04-10,7.257054875068995,7.062767085329277,-113171.2711894461,7.139950447476416,6.991699694380039,5.44876881085636,5.469759672160325,3.999937097463302
2023-04-11,7.815056125073966,7.605268555611111,1187093.1129046013,7.451737682676821,8.532197285643683,5.40737723653319,5.554908265204041,4.0330352180148115
2023-04-12,8.466502554862664,6.482951865702759,-1129658.1479723232,7.119663444382631,7.511160848868144,5.372885694758325,5.601052351005501,4.053341103869285
2023-04-13,6.024230542284641,5.798059204877482,-524293.1330023268,5.358827208296653,6.306815267032228,5.325676203688346,5.627935101550262,4.0850958840965745
2023-04-14,5.153712364100315,4.680434840521222,81898.56448204839,4.426561123355086,4.316817871592647,5.296726772480371,5.614665131007964,4.107487065983755
2023-04-17,3.7361638190571194,4.555155612894062,-57518.57874653558,4.165562763056542,3.624510658245484,5.221696505304616,5.604337653287403,4.122036672157336
2023-04-18,4.997071887039887,5.039365124444814,-298320.0928561331,4.736756937127026,4.50720855111625,5.179345493267003,5.615336217596251,4.124005555178938
2023-04-19,6.986913362697273,6.1517938549479325,52285.473337798845,6.63478096271681,7.3043338624086545,5.1392678095871505,5.63038551603595,4.143223898050401
2023-04-20,4.570406764526311,5.1706273126868325,-907323.7629531324,5.741384607003724,5.445643977152265,5.067046390572157,5.634173312315912,4.157228027661373
2023-04-21,5.079363680481457,4.59092427857,-389665.2888279187,4.363550185440545,4.905374623030681,4.996679312091222,5.635027214219226,4.184130636524837
2023-04-24,5.610117005536331,5.630444469170769,615582.7383255889,5.769100343559764,5.483950071017979,4.854336791810678,5.606162682432795,4.214895122318893
2023-04-25,2.830451150224995,3.253015907814841,4754669.845371997,2.7726794719756,2.383674935580068,4.664493872065831,5.567522040438416,4.242086536604971
2023-04-26,4.8532284686690375,4.183794367370261,-631455.2007880858,6.551695929485021,5.417850484329222,4.664546924683108,5.53214825107037,4.257114153507699
2023-04-27,3.2902021407197,2.665709902582336,964199.2353477743,2.187444581523387,0.6386096635710388,4.587527594309828,5.50930232010511,4.270392366633501
2023-04-28,3.4614124733954057,3.3834567527843404,-791139.166826833,3.333786511491141,4.860889922508342,4.531850023369519,5.505661824350982,4.296638202798455
2023-05-01,2.6984346194067967,0.4309736875713881,1889875.7094311176,1.8565228236496052,1.1622856866262907,4.431523220756963,5.458260262745274,4.291666249407316
2023-05-02,1.3610742442871882,2.840351094649712,-2362403.4442167734,2.175960376627636,2.7798566012869586,4.350095287302935,5.4615580007121745,4.295314774075875
2023-05-03,2.001234742994164,2.365147279963992,-723318.1859017482,1.893436736874221,2.611042746341574,4.249655009137242,5.4369008183118,4.304318481949515
2023-05-04,2.381428464613876,2.0372462285471187,-437630.37825987954,2.5267107053327607,2.155869880709524,4.2108126933485925,5.3923454819122485,4.310927522512783
2023-05-05,2.731001938379912,6.286321967724184,1533798.6322280983,5.169776641660576,3.434114743013716,4.266914005379917,5.405734246614931,4.33589682274477
2023-05-08,5.198743669189717,4.414091673910576,-19089.49915077444,5.695421325443107,5.25392450374693,4.35528129232066,5.416039461987729,4.355050348044423
2023-05-09,5.824127053914502,5.979734628582442,-154335.4671230924,6.030575088019404,6.449146507561089,4.417603258360518,5.4333408081601995,4.365608264389669
2023-05-10,4.835020436353432,5.05626615365027,-84469.19587922166,3.912109056438389,4.814478327299689,4.480400616294067,5.441951834856145,4.378823041706271
2023-05-11,5.21592903798453,2.648764585829774,-246911.0565968817,4.608563111023322,3.128540322502346,4.420361033851917,5.4181004127913015,4.386073845497726
2023-05-12,3.398993698090869,4.314265546515564,363645.4541743505,3.639270267005699,4.495782687683743,4.475904700438221,5.405475924974479,4.39570657149751
2023-05-15,3.437831516068414,0.0626350308934249,2579684.944966223,2.4954325907070327,-0.2817759529285268,4.374783260250351,5.379416779739032,4.403370073522265
2023-05-16,-0.3573049577865248,2.8316441631480345,828619.8761426494,0.7014850671382931,1.2281138759552377,4.385259676969378,5.368424366846097,4.408739147097985
2023-05-17,2.486931096888597,4.579025788907508,95644.6844689725,4.426961986207687,2.965527513131996,4.387762719348463,5.35102847196764,4.422995296117085
2023-05-18,5.438964903846021,9.324881961728934,1334388.6239829496,8.525882066465606,6.339576550018755,4.560174280607776,5.395819196469916,4.446824305258674
2023-05-19,9.78358622299259,5.950342493516509,-830422.3530300208,8.372107094614307,9.191660240016354,4.6594563428155205,5.390896074463235,4.444288212493882
2023-05-22,5.963630240020237,4.891840907257198,-698038.7178750213,5.157508580386597,5.833821862820145,4.648274583201037,5.36359299062308,4.444535395693776
2023-05-23,5.2124416213654925,0.2667838641851858,1099458.6594791191,3.7955225599845264,0.7783481846219047,4.504552360032601,5.309592781404856,4.418223955947191
2023-05-24,-0.2071526545565163,3.614501019475519,-248578.89236421,0.4883821152883101,1.7866804205797422,4.368139006405012,5.293846629473722,4.418556692055889
2023-05-25,2.837418318849892,3.0782440514685163,-526031.9104323382,2.541555422321075,3.643640154205542,4.2473958841668065,5.251850384044512,4.389408359989311
2023-05-26,2.70306836403806,2.0824180113441884,-325475.2344959597,3.3455999700447308,3.0567519483571037,4.0800367767647785,5.203005413385758,4.3547281680820715
2023-05-30,3.17886550461337,1.789093968252807,-697117.7711620103,1.8418278761508449,2.1594672863922284,3.9377986586602347,5.148611749281029,4.334339158556817
2023-05-31,1.6779985648513929,2.3154677446388163,970657.4448346954,1.826905599519684,2.0421572167914377,3.8322655841075477,5.125989336578372,4.312219969183057
2023-06-01,1.3406118825109343,4.494863410098404,-410535.6615629103,4.060841774782752,2.6967770496196763,3.826642207428068,5.118502812104819,4.315289664249644
2023-06-02,5.694262161461005,5.383753308976985,106146.75626014988,5.35031808406012,6.275218913138509,3.85175122852149,5.105161285791965,4.327544953834536
2023-06-05,4.130180687647076,0.4487179411645883,208839.44054987372,2.583970568699627,1.2098521996425902,3.7126407078160284,5.048319017220706,4.315870419212215
2023-06-06,1.2451516144906236,1.0374357688997191,-508592.79976215353,0.5729462895275717,0.7540830485098269,3.5576601597539614,5.000327317807259,4.317999498932435
2023-06-07,2.087763358456975,1.7069823284786807,262377.1910938546,2.441750834548614,2.6204821904693176,3.452701220838563,4.962147631825404,4.321761952409263
2023-06-08,2.2644303312021066,4.824205343556876,1109651.9957875926,3.347213364911248,3.5922283055984607,3.4597703440199834,4.9605135627561285,4.323031779265039
2023-06-09,4.877723927214127,5.544495761561471,466902.6187304342,5.004766156985639,4.564999413572927,3.4571658377287924,4.9562198278070255,4.336273007182479
2023-06-12,5.591963887476922,5.474713062413379,2673565.187044436,5.024732487740216,5.499089179765036,3.524489993928748,4.943522798098037,4.350934295325898
2023-06-13,14.303076220750851,16.63705184421758,7996753.877045676,18.375602652602154,14.75581418667717,3.9018614326210916,5.04515307888635,4.416953933560193
2023-06-14,12.181740124879935,15.162281779846971,101733.54360348266,14.092347511371775,13.000188713760394,4.2805454289018385,5.154339870562207,4.452109615852895
2023-06-15,13.819410441234696,7.757810221481179,-2187794.0514322906,10.149389690205282,8.82078498747957,4.413101594619924,5.167642154886951,4.469816532300037
2023-06-16,7.571857318497713,7.951323446697501,-1526064.439222629,6.9766814078248345,8.937526471396929,4.64099098126011,5.163756740682481,4.496264509517862
2023-06-20,6.590940983794816,6.043627345649206,1489346.878195372,6.131181774831447,6.613599035300986,4.738059958563125,5.149554934222895,4.519125242863023
2023-06-21,6.662604262436616,3.755472204019533,-432235.8152209339,5.76847820825752,4.122874305480266,4.780191016867838,5.139759742337138,4.529400376117663
2023-06-22,4.105784758684663,8.033821419404823,-789298.7183217113,6.319848567349467,6.807094270389598,4.961905416590797,5.158836701578633,4.551620181758201
2023-06-23,6.661413500417346,9.106630524410562,-434457.3045681277,8.412331815505482,7.513906293982906,5.0473693122479615,5.198457588213795,4.577722634889975
2023-06-26,11.011998715068115,11.576368545688538,1510198.5493053785,11.008839647804932,11.259537117411211,5.264408005332141,5.240287397588394,4.60974183741037
2023-06-27,11.478387001147446,10.625827649470232,47477.32619760279,10.504758973622955,11.410235241696071,5.405198702934802,5.276291741004265,4.628622438479592
2023-06-28,9.723220773076996,9.06068541060614,450400.7143567526,8.381300167923975,9.60290728341387,5.526544741024375,5.272305393732737,4.6463726881631064
2023-06-29,9.302798990179872,8.61607881690231,-736548.8765998418,8.475929654946398,9.143540084082474,5.707372444996269,5.274186076331966,4.663321418389839
2023-06-30,7.492753949415658,8.681818361045877,3630593.565030273,8.290316446694298,7.838878278824346,5.839722530285067,5.270934703891181,4.69606479160381
2023-07-03,7.360341866836947,6.973804501214275,153622.14551387914,7.4236553461356465,7.718789722096091,6.049151908173577,5.263660903407372,4.726966409607755
2023-07-05,8.081462332872078,8.006693498135924,-659811.0133140055,7.420358557631957,7.727634705855053,6.205971584991392,5.270972376305677,4.7598193669316355
2023-07-06,6.423884140375286,6.019807333001715,-1608229.473564654,6.541856017024017,6.72932886855039,6.249631631782125,5.275287446672165,4.780311097827493
2023-07-07,6.248715241289197,6.734270180785643,1020385.4450529972,6.967861044314368,6.409473045015083,6.171128244480814,5.271951668594542,4.795214031635356
2023-07-10,7.176163755305822,7.199863682841638,1506520.8077024897,7.439994666054183,7.308362668726396,6.208992522945211,5.2805237490569645,4.821235903060985
2023-07-11,7.882682446309985,7.431364697150741,1546563.6881209277,8.398507906607946,7.443621257658023,6.285947789305622,5.280040684795928,4.847972640430727
2023-07-12,7.063314145880341,6.076647502909523,-1223157.7794478866,6.132645284613403,5.893695128153489,6.46200426320636,5.263441958534443,4.876262620954011
2023-07-13,5.185725607111991,9.01556078621607,-1213549.3689082586,7.765638796065971,6.790115920953568,6.625672740986376,5.287065811543153,4.918212365120537
2023-07-14,9.02363702393962,9.512800487753822,1219598.1466484214,9.733200058930764,9.108540825172824,6.820659299661688,5.277909101985009,4.945426304881576
2023-07-17,9.477099078563144,6.149238934741021,615422.6884485777,7.013113060711731,7.278877629289667,6.94389629734038,5.240059738786651,4.965473614400682
2023-07-18,8.215376972637529,7.407800962902897,-602719.7404036759,8.564125083082217,8.61514760536317,7.11416014566311,5.276304203190054,4.9916081107309065
2023-07-19,6.44191188771272,9.236157580736176,-195005.21639976604,8.023736047084782,7.17298085682603,7.323878019484241,5.321571728761239,5.021691111272561
2023-07-20,9.20076201342134,9.08432637343006,629766.9789756099,8.82204524636947,8.632787683066226,7.462952654736717,5.364981951004111,5.059474801857442
2023-07-21,11.3314340187639,9.710271761341104,4771856.028232953,11.286291519979642,11.295673582473924,7.594059274505327,5.432043901426081,5.092238726766275
2023-07-24,7.831456245990154,8.1197058449996,-1420273.8544961056,7.041805935622662,8.717777970726559,7.826513453409419,5.461170114306609,5.118691761806561
2023-07-25,8.342917032190243,7.3955667502144,85085.21583806351,7.443960216931245,7.041823549783359,8.019184089206833,5.480449780495176,5.142002710659923
2023-07-26,8.305159520120341,8.81948514285618,914510.0924278558,8.239870015667648,7.948540234767179,8.234714477521301,5.542252505138813,5.155066930507005
2023-07-27,9.174490558689342,7.881299805482158,25607788.7328752,8.852138932126508,8.188406380832106,8.327353703640249,5.580975214518495,5.170984772360453
