Date,Open,Adj Close,Volume,High,Low
2019-11-18,1.4217320164399432,2.9867141499858167,1385509.6605674967,2.6941706633518834,1.9215526880471163
2019-11-19,3.6726287469499113,2.260645329931002,96614.3957769454,2.3899785522823116,2.780610482955911
2019-11-20,1.105956900447076,1.8580779017701428,412252.2720138086,1.7404865390524442,1.8307272580592286
2019-11-21,2.2025485708666785,2.845140379250145,762736.3181007006,2.40110274452414,2.5060597158076447
2019-11-22,3.5158805526320442,2.484850219945468,1593325.5033449018,3.1582634209969687,2.5844492435181152
2019-11-25,2.149244218380769,2.982870395579944,899141.4031694178,3.4950628777608888,2.9589206642238395
2019-11-26,1.9159531955792701,0.6222922703470797,182115.8001894988,1.5284460931094728,0.8408987737829996
2019-11-27,1.976757697869143,2.7779358738121225,-668553.5649449339,2.03433260699828,2.367237208433325
2019-11-29,2.2059015568409706,1.1047138584603182,-978379.6059711346,1.6570344697854082,1.9602981868370328
2019-12-02,1.1159493989276452,1.9308862961505167,-423926.1832560486,1.424798989954736,1.4368028059039926
2019-12-03,2.7323388051440833,2.5109244722025092,-278732.8348771278,2.071452467547962,2.7210127986221107
2019-12-04,2.244853678553202,0.9982768320474786,-88700.96394601895,1.9359899274426056,1.313591051882728
2019-12-05,0.7424774137244654,1.1976215829488446,319987.1667415227,1.0567464126803472,0.9065611371004554
2019-12-06,1.2751068069290046,0.6310813902220431,-83395.83444337593,0.7597714455796947,1.1873963314924758
2019-12-09,-0.08812061341439126,0.9253028160792915,-275547.2055914857,0.44374772258030326,0.5159363901800873
2019-12-10,0.2806449666814608,1.5740259208445817,-435.2197263232665,1.1454637413314614,0.7106888533911864
2019-12-11,2.565733350753419,2.1308107699835332,-22222.500657087425,2.1054652627942243,2.3867769102624035
2019-12-12,2.5847054968162446,2.052503873730526,1396957.3320553543,2.089208335305873,2.3635489507672975
2019-12-13,8.028255814016198,12.328760617414774,16006595.447763503,12.897707321378487,5.946709961373459
2019-12-16,7.703422329211325,8.195326701259535,-2015144.4102549031,8.239653926303895,8.190942946834358
2019-12-17,8.30705268690598,5.737878202165316,-1760440.0353364432,6.625686251281909,7.399732222995048
2019-12-18,5.641602307406622,7.911773860238721,1571957.1707130908,8.63455630318564,6.17086947114155
2019-12-19,7.997206965396334,5.517265968607468,-607130.4081637613,6.654210026220877,5.811068438912535
2019-12-20,4.348798143441986,5.377595971586679,-2039724.4092490529,4.67994391806943,5.9116001400631575
2019-12-23,5.4670143771891055,7.584040386328201,-576511.5306745355,6.661593001476767,6.348130447190066
2019-12-24,11.115625791642806,5.4852188165733935,1450569.7124591148,8.712711424391678,7.442148492951471
2019-12-26,3.0515268099801,6.251845644573155,-971906.3743071735,5.569841908360694,5.39875292774169
2019-12-27,7.9679778516964035,7.777934441096619,-570826.5712375995,6.565268938981998,7.88396784643507
2019-12-30,5.474679813847665,7.926418212346203,8384508.481784271,7.0067635490689995,5.436945869854171
2019-12-31,9.203455870470954,3.345449694317079,998956.7145893723,7.273744508786116,5.868399399247792
2020-01-02,3.69677656959551,2.596422246446309,-1898069.2813715874,2.679909031200207,3.107467809286181
2020-01-03,1.175429721562061,3.622409535090277,196297.28201379487,1.927324525984492,1.1918069792485895
2020-01-06,3.4857096450783303,4.894577306213193,-1081883.3267503786,5.431602325699661,5.430586535589907
2020-01-07,4.866878751274349,6.848071957956037,1309697.0184233747,5.434345376713438,5.834269576798029
2020-01-08,7.88212831673394,9.51884743708169,737747.2282100618,9.571424345605934,7.446958170206116
2020-01-09,9.574413637135194,7.6025061517259545,-455187.1314892899,7.118391533029193,7.9679283211872125
2020-01-10,7.214924025855023,6.772688408821821,-796890.2223460847,8.56680847700662,8.651826811720529
2020-01-13,6.304481648239957,5.465125103259773,-1170486.0008064853,6.27710424113468,5.997562305235476
2020-01-14,3.5755917081423085,3.1355080151069465,1187927.6695043305,2.721904969082466,3.2423871865651854
2020-01-15,3.4007985363390816,6.551285599521798,195817.02822047332,6.274302499247543,3.731358020925832
2020-01-16,7.20060792954812,3.424336485950974,100808.32310425723,4.403857479696821,3.2145800758927123
2020-01-17,4.268974043215017,6.463959800415022,527486.1693760334,6.720007292662412,6.83766624963534
2020-01-21,3.2410667372399153,3.3135851558302676,207623.26644461183,5.250664716702943,4.036597098015065
2020-01-22,6.3510604953441465,5.019746502155595,-1520683.4037766475,4.267114792338347,5.4671636718197725
2020-01-23,4.688491640824239,9.744930781037382,1513720.8918231581,8.299012162639308,5.566432434807389
2020-01-24,10.950732840931703,8.605528810874866,-398891.99348350335,8.418487358503818,10.065760419670383
2020-01-27,8.825315280512875,11.761230924257639,3689311.4101715246,12.563647592970995,9.542256193320206
2020-01-28,11.05105912346508,12.702699477859497,870369.9118896322,12.394130759931862,12.01547578332086
2020-01-29,15.381406200204843,11.347423617696826,5591609.69822921,11.80929538693568,13.180111264121749
2020-01-30,11.095462314597668,19.103582604129137,4863765.663077819,17.885804939857664,12.02146698474749
2020-01-31,21.413676709748657,16.112978870795246,25673041.592752457,21.200050700492362,20.468092739645115
2020-02-03,11.89952509581569,13.220597548951716,701143.8414240219,11.670036708338792,9.214921652510029
2020-02-04,15.277830025752749,17.398537174356782,-858385.9736431278,16.37005728685871,16.536211613591462
2020-02-05,17.78429775971179,18.55396723422703,12069212.1005331,18.597057054569134,17.314316074827502
2020-02-06,18.374447604973298,6.430145280552502,3917235.4707030933,15.858968875061393,9.216595816392456
2020-02-07,7.138755016276079,16.13234186517387,-5512074.391147014,10.695681331532704,13.374258653093072
2020-02-10,13.90634177707922,14.075717608307777,-286855.98867480457,13.102924341115326,13.982191585262136
2020-02-11,13.822207547329768,10.438464027558055,-2673989.4199979557,11.959847508283744,14.099466225627836
2020-02-12,9.251584977421686,10.449938053460727,79167.77799811587,9.784846914325641,8.231038885385964
2020-02-13,10.622075352226894,13.327126660706305,-1046544.4506085198,14.195225009283298,12.392067723032682
2020-02-14,15.616237771573736,20.093917153470308,-126416.85017685592,17.73090457125513,16.505523180594714
2020-02-18,17.561373727083463,21.64634867004279,6074447.791569201,20.717753946692923,18.550348566836192
2020-02-19,17.848817429692524,9.016656765093956,5122045.449856952,13.458193373576606,11.582223729047051
2020-02-20,12.474283956988572,-0.5081030615132036,3120215.1130305007,9.788065438333192,1.8704946644036866
2020-02-21,-2.1422955249423623,3.9449143130705906,1663549.4053813312,-0.503077581109828,-1.2821291768094554
2020-02-24,3.753432103576003,6.308444688573516,-3901589.8940424435,3.3778339060646445,5.992943790722791
2020-02-25,4.815789381077259,2.4235245117302213,-3858566.940883525,4.157261208700852,6.48188443873363
2020-02-26,4.913092810006482,4.638254384840735,-1556608.0451234002,3.8055942573166845,5.848862302482949
2020-02-27,4.794986097749806,12.172724978800247,759314.4741032897,10.205741085865348,7.4036653845825455
2020-02-28,14.328724847693422,7.147541052793393,-2994419.881540384,10.086152450712454,9.999235627651387
2020-03-02,6.275106782786736,8.042635644457718,-3821437.903433875,6.848415811089524,9.705492515187146
2020-03-03,8.163905345037442,4.110560110249324,949310.161085092,8.180036457408903,4.642966651631184
2020-03-04,0.38879229894848066,4.4422239072169205,-2414387.2907125033,0.9328558540271956,2.9773126825899965
2020-03-05,7.740849786145638,6.686582092949976,-1713961.4285674822,5.2701231297342375,6.97229505025831
2020-03-06,5.2436627678576,6.858387630328167,-1299781.7440037173,8.667539589856034,7.916320691951697
2020-03-09,9.410106481299621,10.801981142795462,-1670.8844652650878,9.499584937922194,9.269313882213218
2020-03-10,8.775371277513095,16.18937474672724,3691286.240688595,15.03760537958373,10.332169522702202
2020-03-11,20.005542017936186,15.710979668132737,1488152.6507356567,14.912309350237201,15.634090610071972
2020-03-12,16.863206695679878,27.64055056451933,4930241.372555493,26.503767542179666,19.623293483337726
2020-03-13,25.782857424185956,23.3879117120198,796327.5753803151,22.68408700808112,21.99102043785853
2020-03-16,20.634300320023456,11.260083706277285,2736676.1271721544,19.45614173374463,17.904790544778407
2020-03-17,-7.076105886992906,-6.403854545142465,18648494.211164646,-7.018201423368822,-6.739832965010031
2020-03-18,1.4441485162063472,-7.4237996950793885,4281744.689084265,-2.359174934869131,-6.009732671098362
2020-03-19,-0.607026582237431,-1.454531872250307,-3835795.103713868,-0.20801230221398725,0.3983844113715307
2020-03-20,-3.5226031582165547,-2.013829479012017,-2463552.6385872494,-4.8438297867068485,-1.7683095778546658
2020-03-23,-0.5628736974106232,1.7683882662326198,-4801686.118980507,-0.8073027025701549,2.333729739881406
2020-03-24,4.0613081588739846,6.1521142530734,2890504.7945550764,5.94422597685562,5.579562849638499
2020-03-25,5.470369602312843,1.6475547328435454,-3324831.103358729,4.0551197486290675,3.635207339394583
2020-03-26,1.9658934128407566,5.256467771228735,-3210519.961452857,2.9970057423231466,3.984951065596263
2020-03-27,6.895092596200421,4.232164966217901,-565066.1335462015,4.473605587594946,5.275301641876496
2020-03-30,4.095852928447883,5.344210584148364,1530814.2161841588,5.317469661339274,4.618745267316513
2020-03-31,3.5782195069296776,14.340561961504406,14629166.443981405,12.525123300499779,5.8415108316323625
2020-04-01,15.182142807107013,5.910320830922828,-1889667.5887334421,11.511509691569493,12.683470421025518
2020-04-02,11.324334826911354,5.726577622340045,-785385.4863854246,7.646202508955561,6.34469421618666
2020-04-03,2.3598937367431887,12.190762639359377,3626360.7194291297,9.568221636146866,5.423303820071261
2020-04-06,12.035439559544209,8.387254711495359,-3703781.7514359113,9.17585027075259,12.690776323047146
2020-04-07,8.820364040153919,12.562973645690676,7675017.662497644,14.479301262002608,11.478317117541259
2020-04-08,14.840288511866106,10.194683165342205,-4327102.570095467,9.518943492285288,12.307110246518825
2020-04-09,6.600768603997835,7.369692901574879,1877853.9173175571,4.909861516157477,3.4063661137080814
2020-04-13,8.722106848911622,10.321363932300827,-3620293.3946435964,11.196488824549085,13.078258922412253
2020-04-14,10.534877291951673,5.304210337727042,-717328.9996645246,7.096942442802188,3.6001798992971032
2020-04-15,0.5822279022735302,-3.4547109708175014,1036895.5546858031,1.3295232357237694,-0.4457868054467511
2020-04-16,-2.1697137925298904,0.9584485827291971,2159939.429260521,-2.6192584993147108,-6.475867399752808
2020-04-17,-4.165224360175706,2.7672395354910506,-3274843.5524163637,1.3489726371502542,2.626941560422601
2020-04-20,7.42612160601724,6.66169645027545,-3319645.7945244415,4.473991604830552,8.281089918181436
2020-04-21,6.956631123180678,3.6126149970045063,-2585031.22231133,6.632183665342296,7.194347692352451
2020-04-22,3.329772741194887,-2.2387662016748138,1628655.4133702302,1.7939104283919818,-1.8655962678153486
2020-04-23,5.1804829555122325,8.447509849521154,-953492.6779822316,3.663766273179448,7.749670291482403
2020-04-24,6.264839411245248,6.558504723380757,-3111461.1837596013,5.316467177631921,6.374739654325552
2020-04-27,3.940627741669921,4.162087205679775,-1856076.6400014223,4.6512522304034505,5.940437983497667
2020-04-28,-0.03063440409683693,4.548044135043142,-1150937.144945179,2.4137708659570265,1.7362462364369478
2020-04-29,3.9233445140898837,6.078741926913615,4627917.11740128,5.796348242594519,5.410652445120604
2020-04-30,8.172475144958248,14.163885636496012,3708422.7453414043,13.080888198722697,8.245300688920274
2020-05-01,13.557972375881285,11.43789010055437,-2955730.569104536,10.625940821687074,12.166397691474778
2020-05-04,12.184956940875644,3.1668920086930683,-1328794.3209018167,9.58048759405407,7.666547960283452
2020-05-05,2.6334328359442907,4.794533208574634,-1988280.928713697,3.0783762347199257,5.368906229070035
2020-05-06,6.872014877108391,9.40245749928026,-2086153.1063179257,7.530095723727229,7.914287843876565
2020-05-07,9.795823744060783,6.870726732506128,-137235.8937397031,8.574761767342679,7.536063026435869
2020-05-08,7.378033463498973,9.3109694232855,3967878.0163219296,12.20201610147572,10.197723794800623
2020-05-11,9.143210200051634,8.149459264551233,-2113519.9565864606,6.12558927875628,8.295624625658618
2020-05-12,8.760073317084952,11.703823326012326,275398.19799217675,11.319101251593636,10.03981208831324
2020-05-13,8.311263483596733,6.818145023445197,-480288.78836951917,11.623191105630951,9.54362887794914
2020-05-14,9.84299692297693,7.90863625865866,-2101777.9560116986,5.746568608568296,8.803113068883135
2020-05-15,8.838015982984928,12.016165841039012,3516240.7714564535,12.040949810756999,9.595179838976534
2020-05-18,13.845932633026933,29.4797511165997,16020417.538366407,27.475104490852488,15.008260755355394
2020-05-19,28.474846351279496,14.186967302078841,-649633.4226934686,18.766245810682392,22.233316798225488
2020-05-20,15.965501234458088,24.448021390002168,3554921.965451109,22.231462954302373,19.4931203448444
2020-05-21,24.359209119595477,18.03049274358885,-5625990.365692381,18.044725964700405,22.304492989056243
2020-05-22,17.708913253493535,18.256616120870873,1299034.2942346726,23.122267967832443,20.40752821504948
2020-05-26,19.976442559805037,10.246505527504155,5323928.848086848,15.059425766140137,11.40892192172987
2020-05-27,-28.00807869558463,-21.55071574202674,45688208.430673055,-22.849758958643086,-23.515537415943037
2020-05-28,-2.4444820358127757,-9.930757522369731,-5828857.601242386,-8.839645637446964,-6.769684073959034
2020-05-29,-6.130334248537039,-4.660524371159951,-6342317.291739192,-6.823851972742602,-3.8708512311795786
2020-06-01,-2.722708077661572,-1.7095442326686552,-8848608.017208293,-3.6153814701555262,-0.539017709693475
2020-06-02,-0.10143480615742106,-4.330598449491568,340364.2035954045,-2.4879957231085825,-3.3728347316316842
2020-06-03,-3.468742364372609,-1.3289786915272686,-4092451.039670633,-2.4721984556689875,-1.2649562463718382
2020-06-04,-4.243396824179648,-2.9905156757890694,8404865.727225572,-5.54774600253365,-4.154029597609586
2020-06-05,-1.3168219266473713,-3.1460478567104175,-6040976.339099058,-1.8768031404013783,-2.023241633548004
2020-06-08,-1.008178226632566,-0.6553887254025454,-3498902.2982030297,-0.9382176084608744,0.4259103836939886
2020-06-09,-1.7622707229955807,-2.855559102506888,579347.1724245483,-2.994209390528006,-2.703816358089327
2020-06-10,0.7820648273732118,-4.144690372406139,8604950.43293743,0.2074953751445605,-4.484955610989516
2020-06-11,-6.18495172263728,-6.6481464712709055,1014251.9780593589,-7.5197763915254825,-6.17067497082607
2020-06-12,-5.551923097473718,-1.7178426836380964,-5779987.09084533,-4.6500102885660795,-2.639092171083199
2020-06-15,-1.3272755228896642,2.4804092028513764,-2975950.597702656,0.40429635396608177,1.2133367765705358
2020-06-16,3.2843242624605864,3.194175800372861,45820.02027077973,3.4555512361540437,2.970321076738209
2020-06-17,5.788369090192695,5.166872421733835,-2635980.0342160612,3.322223211607998,5.376505830561435
2020-06-18,2.6941857986143916,2.7873603017219963,-2313753.273292535,3.242667279534963,2.9051343529485933
2020-06-19,-0.9599251333826899,-0.8932060807029671,-304496.6375880493,0.6754408420062816,-2.528216704831266
2020-06-22,-0.18174941896332797,2.6948596835040775,-523361.57912621833,1.8915842026660883,-0.4733441897629618
2020-06-23,4.571948148406484,2.6376776448616823,-2751349.1916717645,2.1560059674957017,5.485510119109264
2020-06-24,3.046771659057029,6.691075356195427,1537011.8052206542,6.058869231724756,5.315881241979554
2020-06-25,10.315841446777569,6.060401542544149,2126678.991654617,7.392079561135915,7.73637326192565
2020-06-26,2.0240898927655877,2.8234803567862485,-2415771.8082613945,1.5621798040827102,2.1795483941498617
2020-06-29,4.096021560458112,6.081736923489231,-1937029.6510468177,6.378924145917999,6.4454657218699865
2020-06-30,6.945897371816834,7.542663557958427,-1021983.6497685378,7.001064275911304,6.334220514880997
2020-07-01,6.508177073935656,5.057416526673315,-2521883.888926744,5.269926767523721,7.25461829273636
2020-07-02,5.597103890129318,7.698088740412679,250449.21938649565,8.318408239567283,6.793263347108699
2020-07-06,7.50001716866597,6.553270713433086,-444479.3418285651,5.637723923428467,6.0276403563621415
2020-07-07,5.351740771117171,3.7587385994109397,-1056739.6980936164,3.840346677083126,4.611262311811963
2020-07-08,2.7771727247402964,6.446162634135291,-619786.6033925582,5.22722502851088,4.650576161373728
2020-07-09,8.948139053881526,6.694611660599207,-2146948.57656101,6.980694216184311,7.944180774507743
2020-07-10,7.139450834324023,6.36289596567822,1836730.96249892,7.6103210957482545,4.546023918583849
2020-07-13,5.669219166911745,2.781902239178116,-366473.99777866015,4.049600765983044,3.394777707036525
2020-07-14,0.555131315181093,2.782210977308253,-797071.1195003702,0.5585482103103772,1.161601038303985
2020-07-15,3.97395201586356,6.095746205028071,-1247372.0653549647,6.165884171514705,6.865728498375077
2020-07-16,6.193042969853458,10.996140280832421,30505470.874416538,17.98780652186919,7.298926924133575
2020-07-17,11.315028132635582,4.6431960390951375,-12167025.014537312,3.3533514901312174,7.986327381686657
2020-07-20,5.4924497655602025,17.99859384182116,13845972.97949468,17.231569667266655,8.494499480588019
2020-07-21,16.16376120293284,4.8642588439697505,-7081521.355149353,8.421779992718228,10.35869712577049
2020-07-22,4.432055556367985,12.380150737698116,-1653215.7905399855,9.988719826643091,8.446233486335728
2020-07-23,12.278605973228473,8.372864632093439,-2634770.042165449,10.87187410970455,13.311137239667808
2020-07-24,10.613686408317427,6.683020196553315,-4682754.885451985,7.240313818802207,8.741605123114361
2020-07-27,6.959291400098486,6.719228131302884,-2756526.0805329722,3.942201580660466,5.369432407734934
2020-07-28,6.405204184625177,8.064172716259733,-2104962.079881821,8.013685165767683,9.340496943409718
2020-07-29,9.264514722561053,12.996379988076896,3768809.3726604097,12.59097586825088,9.154132179685476
2020-07-30,13.824667783175784,10.93551682445792,2959408.9802643135,12.432448155864165,11.841160936671216
2020-07-31,7.209998744322434,8.998521925103958,-4109800.732312913,9.460619258672168,9.813208038389376
2020-08-03,11.088553345127679,12.24054364793703,-843872.2642794638,12.212287239581514,12.159376699771798
2020-08-04,12.297948336389865,5.999563867492753,-2825098.1755694924,7.665523084403432,8.546142223437371
2020-08-05,6.697090786912156,4.259015692268974,-2396785.381579183,5.821497788189049,5.261807433521568
2020-08-06,4.879127523237258,-1.3438899508274886,753774.2980260188,3.798240148857559,-0.08735124444081066
2020-08-07,-1.3923149410251767,1.9271184306998208,-654119.7821601075,-0.7872792601309442,1.7956413228009467
2020-08-10,2.141491914373745,4.227819725092068,-1251064.276155726,0.8848984278152443,2.9577798553354313
2020-08-11,3.879512490961389,1.2890198139922688,-1306670.4701284727,2.293101080345707,2.3027096914037983
2020-08-12,0.8728710795917465,1.8051322712357063,-314420.4495244152,0.0037453136059397707,0.30658321343386064
2020-08-13,0.5755752714372306,3.517901416488648,-1805318.8554303255,1.9261260302998835,3.852795407216277
2020-08-14,1.8487718319750144,-1.385805320178477,1743019.264932725,0.8253137120893044,0.33055745464795194
2020-08-17,0.14737516885970336,6.650561815405354,-443573.97763414914,3.6751464577888555,2.802603101379617
2020-08-18,8.351472963985792,6.106945551325886,-1269280.9466026225,6.654902951481162,7.72331868896719
2020-08-19,4.190194311533489,2.0974928036075298,-857107.5797772671,3.3338039600693037,3.5500538898769136
2020-08-20,3.0735014956233613,7.990130637303579,-732606.518317932,5.712125392393396,4.853779145067357
2020-08-21,8.818628399642279,7.014219048951524,-994784.6469174442,7.579325855476604,8.600936493382974
2020-08-24,6.990092237069909,6.659399094319092,-919946.9990282024,6.388892096925524,7.304252770814081
2020-08-25,6.6785084102710215,3.1913938114402214,142384.98536402872,8.18662951731627,4.424538863960855
2020-08-26,4.975122856429607,11.527589467043711,1663433.1840961385,8.987949492758318,6.393414602526747
2020-08-27,13.173032194676267,10.453970453063668,574560.1690189852,10.138359507629758,10.347468441127859
2020-08-28,14.720319824550515,15.125176369949557,8290675.105118578,15.595809551454096,14.45729874719921
2020-08-31,9.449374107620486,10.316079608764468,-2098910.5281142667,8.949894277446305,10.098251794208977
2020-09-01,11.362042589928421,11.466173555128819,-113773.43542879634,15.46578367396485,9.197649175966305
2020-09-02,10.014550984219568,11.720187686603907,1108869.9729634523,11.539533902075974,13.341041910367295
2020-09-03,11.17147546374963,12.186896411117559,3845237.6921876073,22.592756976863484,11.837779869487946
2020-09-04,13.773634472332049,11.11374740439328,-3788043.464519555,6.218430148195125,9.696185389797535
2020-09-08,9.749570600743823,9.976830849110925,-2172627.3344064187,7.840662500825346,11.160721917932491
2020-09-09,10.500247619737223,9.887156950265393,-1845693.6207345785,8.342002212347566,8.628305407104335
2020-09-10,9.823409113666585,6.024092947380609,-1231004.1738997735,9.047671431748526,7.785247376803696
2020-09-11,6.954255777043457,10.934052329786056,-701807.7607950929,9.68221689181756,10.068332141161676
2020-09-14,13.211687367791555,11.190735526653896,-1580324.4159027257,10.083523730339678,12.43711303402118
2020-09-15,9.012145261395162,11.324252240819206,-996814.8765805436,10.524447228291223,8.879574483194645
2020-09-16,12.11423860522953,8.599036227112038,-380476.8765124718,11.288950637147565,11.515177847385402
2020-09-17,7.50646137448436,15.068739370189704,401598.3589580711,13.124586498490387,9.299647050188781
2020-09-18,15.49447489231531,3.482168437788772,1469790.7435210603,11.370031673241385,7.865244897594053
2020-09-21,4.0589686888734775,5.4854767704838,-1754021.6926418971,2.646498650350253,6.158289749028498
2020-09-22,-1.0827946556874082,0.43464908884217834,2580249.2810451305,-2.5100098394223522,-0.4325986240835391
2020-09-23,4.777455816339412,-0.7073020557871246,193845.41866383608,4.728370988670321,0.46093541500194135
2020-09-24,-0.6779011373983366,-0.17504533414758328,2631437.574031558,-2.5444399883935205,-1.0239073898567739
2020-09-25,-8.523725290667933,-12.489862298667504,14919364.759550758,-8.700913289199129,-10.330671871704254
2020-09-28,-5.958387681929558,-3.8082773333217688,-4008498.6255664406,-6.676518606091292,-3.2705096435232406
2020-09-29,-5.451535970800087,-5.994796952595678,-896528.4666096698,-5.996902678863215,-5.050604839209633
2020-09-30,-9.526925191656495,-1.1298681287760388,971629.147186731,-4.572686604846105,-9.402957166327056
2020-10-01,0.46203783517285757,-2.7127015488100383,-2790770.2448958033,-3.0415246742500415,0.9620401049130081
2020-10-02,-1.523921138712204,-4.558455434174597,-1522775.1353170127,-1.4046450587839558,-3.060022873664721
2020-10-05,-3.683778441369931,-0.6072949824971943,-1276981.9551529558,-3.703336723648235,-1.742200512828532
2020-10-06,1.4943755597975539,3.350939005921717,-1545545.5673628515,1.6140922586989603,2.57754595306848
2020-10-07,1.0433610480599214,-4.372049582083179,3636348.737185844,-0.5112705433719356,-1.6548743890933082
2020-10-08,-5.272190421002186,-4.155524491473614,2221598.585613652,-4.445756378317931,-4.9045387314102555
2020-10-09,-5.177278459901736,-4.343187409287566,885235.2079695789,-3.598517727312853,-5.701788511891436
2020-10-12,-2.3238783366823768,-2.842622924597606,981244.76515052,-4.544242504173084,-6.936051491780823
2020-10-13,-1.1701979495659387,-4.427201495253691,-1483046.6061639087,-1.2176371634284067,-0.26026921057002284
2020-10-14,-1.1409989683354809,4.575128506181187,-561969.8557754569,1.2939499420545957,3.0410222872303905
2020-10-15,3.5512183771303256,1.9093450775549456,-1480749.6259155027,3.384129877089201,3.4373904723182562
2020-10-16,4.519736468385645,8.029691430600103,377158.40834562853,5.336253705879052,6.20616356756463
2020-10-19,3.6396479253090064,4.493727382122643,-1753872.4261228042,3.1513372752270143,3.8199879019365
2020-10-20,5.67328979965108,5.279912520754678,-1369654.7409659573,4.698216494596117,6.047698283530963
2020-10-21,5.674457007768986,1.892181107494089,-397549.31074425206,4.695689532496068,2.3857469065726633
2020-10-22,-0.8438604220624768,3.9005349637871376,-1082244.8742412422,1.9142112402423663,2.137119964710486
2020-10-23,3.164146922573366,-1.4887346573792613,-368530.72639537556,0.6151259898839712,1.294717974907833
2020-10-26,-0.3562756110880798,1.3760988035761557,261422.4001288535,-0.03441940366865026,0.9007349447799626
2020-10-27,2.230930679066816,2.4486318306807675,-1646165.0990867065,2.308277337260215,3.7626676411656916
2020-10-28,2.680420204485209,1.5893939413120748,3040521.2111658757,1.5061491530636815,2.0428219388502384
2020-10-29,0.7203199218666398,-4.245741876078085,1210136.7977999593,0.14595347687875915,-3.054477668049735
2020-10-30,-5.631111261195521,0.005660012904975531,-1120178.9921884495,-3.4980911884805295,-2.349467403650138
2020-11-02,1.2596879100370728,1.1573180482141936,-1598797.957347732,0.12121794450199275,-0.10669523428752825
2020-11-03,0.3088149453602185,-0.8852713630631257,-131619.51951518352,-0.10259041959265858,0.5178077872935063
2020-11-04,-0.838185408386849,1.4648471996557078,-659547.0071650986,-0.14222256268242717,0.1860353713553735
2020-11-05,3.554136677473764,3.3249469219983965,61838.16387048783,4.709553235924709,5.274595068796366
2020-11-06,5.16523007040724,5.466352652661797,-212138.3096934841,4.7740663716417515,5.307049342790364
2020-11-09,4.326396180074305,2.3651596732681597,-818618.4182038812,2.858180691574759,2.88710006241768
2020-11-10,2.421238655868301,4.303572628917145,-309354.9458326814,3.2055669766159838,3.6093833471243713
2020-11-11,3.846324574085614,0.6194458271000087,-461878.838229239,2.4681256271799867,2.1486975074495334
2020-11-12,1.360078678436011,3.0782056405954563,-475203.7742972914,1.7429109895075783,2.95913450823587
2020-11-13,1.700563894606539,1.8668046473251394,-64156.329004753614,0.46587063229944903,0.9790066286250791
2020-11-16,0.7043320254967327,3.3619847570435937,628740.0683144461,2.5890972393288365,2.1259883671559336
2020-11-17,4.612334202234486,4.201647864966482,-423234.9143827222,3.8796335418465304,3.923915911125974
2020-11-18,4.543196706760561,5.29064498988226,2931092.1527757416,7.732045219038206,5.768639704208844
2020-11-19,4.920428624560799,3.3428256145121225,-782680.8638875321,2.704450143958944,3.5027899814081493
2020-11-20,3.2687252875422885,2.5321236297745884,-687143.3691283418,2.5081198253812502,2.264266835276729
2020-11-23,1.9984433721968742,-0.37385324800730046,-157525.38525517937,2.716032747656641,1.0981489722225533
2020-11-24,-0.36505546719359927,1.2094663226709415,-667855.0247639667,-0.3772050963781055,0.4571228007647079
2020-11-25,0.13028167585194694,1.9462222225898316,-893728.4380594459,0.7365358626629543,1.5720555280381845
2020-11-27,3.850240543014067,2.3872274521336863,-9661.213094016304,3.2533743009829195,3.7018299091039992
2020-11-30,2.5721169734006466,4.434618524318054,55077.387277057394,2.903934095650726,3.9032422935839435
2020-12-01,4.732414279728026,5.698187548040927,-365618.955151116,4.787199644654642,4.803692404452853
2020-12-02,5.205712180430218,4.0254100809994355,-467038.46556171123,4.5990666144531644,5.110123858237884
2020-12-03,-0.16650997043219462,0.9300777802293823,2036648.4453369027,0.4515067524260843,0.618819924290726
2020-12-04,3.09114819532126,-0.43825530989091277,434328.7372269803,1.4775226991820105,-0.166351552403313
2020-12-07,-0.4500037310152223,0.048809735872545446,-490134.6958985317,0.7049986604149723,0.9842454237281117
2020-12-08,0.40553378977411825,-1.0274284351442304,1220838.6427626112,-0.9659203161667378,-1.0919080278678877
2020-12-09,-1.7742584190122344,-1.9718648598174155,795665.1608971315,-2.299328097704958,-2.959254528665028
2020-12-10,0.6124965368633681,-1.4719075668433845,3460970.259941974,0.9283757075126573,-0.31259502737709965
2020-12-11,-13.044544224435143,-15.994115287406036,26961967.73511521,-12.777097115224212,-16.057531732476996
2020-12-14,-11.350545012883224,-8.026012695850756,-5405606.832361316,-9.707344200577978,-7.774427419019439
2020-12-15,-6.1556039308067625,-5.164270024863448,-2470139.897965148,-5.995318828770454,-6.288959802565081
2020-12-16,-5.018543910709919,0.0822840184867566,1078828.4241818376,-1.6547737316730426,-4.035822115873877
2020-12-17,-0.6544550493622339,-6.087351862334156,-2098080.78914442,-3.482085641005714,-2.696766807670876
2020-12-18,-4.59080609437947,-5.035067971242405,-888572.1735823965,-4.63048483105948,-4.352846032644397
2020-12-21,-4.310600039410804,-0.8664030525680531,-2341678.786167547,-3.5323122866614654,-2.4349749388225455
2020-12-22,-1.1478445417318994,-1.785182489392735,-2774447.67149666,-1.7040713688274352,-1.0560493376092737
2020-12-23,-1.1686119776751482,-0.05510864209465183,-709067.8944564597,-0.8225551494642467,-0.4523054666328079
2020-12-24,-1.3872943429516837,-1.1277688599862685,-971995.085928035,-2.0683933593955075,-0.6730224167202365
2020-12-28,-0.12860469831426968,-0.09914483863558132,-1327301.72420834,-0.5721339080364949,0.10206926651671111
2020-12-29,0.20276366847522453,0.8343694167205626,-2858.4660721761174,0.5049429846838684,0.30617100270222153
2020-12-30,0.96635974894388,1.2228436806718221,-736908.1938155955,1.1713047066986064,1.5946542828544565
2020-12-31,1.416100449344217,0.2381340057076926,-1292432.0411260598,0.53921183423207,1.2147525365686462
2021-01-04,0.5555428426226854,2.4871842650836626,892093.3931334512,2.3794520771801047,1.1187836129289295
2021-01-05,1.2687764244973465,2.4878405043935103,-359390.7857724773,1.8410136180664622,1.2042736140592218
2021-01-06,3.1284622198945726,0.7771963324154925,-246262.7872927226,2.2640370202377653,2.729662181240439
2021-01-07,0.6743298356570762,1.2142194266665811,-55589.27020262042,0.057548914743421165,0.4455505051148805
2021-01-08,1.3328729479508468,2.7005976305564516,293237.46336365445,1.8335979893031578,1.684305987083377
2021-01-11,2.5386370433917165,0.8351940881299953,453517.7669916414,1.9750844439883934,2.546449141502663
2021-01-12,1.1481385929606134,0.9442881761331137,-1332688.6976053186,0.5127804179266775,1.6248610362831144
2021-01-13,0.9872898539668427,4.574588038290166,2464029.0310707716,4.099946079377368,0.8332325686185555
2021-01-14,3.8391737425085353,8.469000119058897,10672156.56837416,8.40123630231512,4.702356171141851
2021-01-15,11.662439664160182,3.8470774814712456,-516551.7590558417,7.428609489502627,7.861538233391698
2021-01-19,-0.27605202270378015,2.9736264625196185,-2000391.8998045153,1.0713274331728613,2.064264585593463
2021-01-20,3.56365543778562,3.594216483306859,-2493587.9797018766,2.459694668170812,4.392165137037097
2021-01-21,4.341150774314649,6.359205983667273,1364567.022806507,6.659291631143638,5.050012362319308
2021-01-22,6.86949761555605,1.7786674798480888,-1291458.7126617138,4.245045968241108,3.7726022338931813
2021-01-25,1.4587031365957017,3.7233192918572158,-1071319.343418178,2.4273344035990405,3.028096393794705
2021-01-26,3.3107639869184453,5.094886172304442,-636954.5193212954,4.345556695314777,4.246330910962882
2021-01-27,6.121129897925691,3.8838880814175027,2524712.157559107,4.277282282927068,4.923194494105843
2021-01-28,3.450709422056285,2.67565955788438,-1956035.3352928748,2.6862605866832396,2.5631379364041535
2021-01-29,2.663466386393786,3.4595306787086813,-1080532.4200596681,3.716930427157834,3.999822021423533
2021-02-01,4.448456600610129,4.186927324205442,-363640.647828043,4.209150682955091,4.673776283003477
2021-02-02,4.332526541639638,5.799298847944144,2611909.7912725927,6.587581658700039,5.119971600479559
2021-02-03,5.248254978703486,6.056413943444859,2406669.536398007,4.532498421255475,5.148562963921364
2021-02-04,6.6136369699907505,5.450120570769599,-2424358.470211882,5.680399700072549,6.858380907435183
2021-02-05,5.070627715740983,4.215683322501938,-1059059.4918269156,4.6991202194635875,4.083023587175944
2021-02-08,3.7259585219932205,3.4687537001090334,4725619.060568335,6.581790220219958,3.3340671452773947
2021-02-09,3.6660117928064793,2.218304687147274,-2266246.417965473,1.9778925395826477,2.8424182358196717
2021-02-10,2.5890402043049505,1.4885110098620444,-452263.44218466245,2.0957130960602015,1.7195215771396803
2021-02-11,1.5436628766215676,2.8409165211506036,-1178829.2567178374,1.661637875987239,2.14845073144793
2021-02-12,3.604214791626859,0.4302614014713342,-834411.6024756604,2.511299193078848,1.444561913433482
2021-02-16,-1.1496613031735805,2.384789576846927,-195795.54095592606,0.8169641066403912,0.4459236753397562
2021-02-17,3.138391435382424,3.845536564001897,-934955.5198973722,2.3447276200578386,3.6272396553947743
2021-02-18,3.945446868414777,1.2449051295432056,-341363.82388164965,3.0785103579295736,2.4197731195295233
2021-02-19,1.0876721234973772,1.504905953355724,-717120.0286001174,1.1090862018355878,2.2906275253749655
2021-02-22,1.612550556388122,-1.51625841780411,1800608.013709138,0.6865680763235673,-1.1492401973201467
2021-02-23,-1.7082264312363478,-0.5537027329210247,-123392.39438408846,-0.19793605452459673,-0.6591960905088072
2021-02-24,-0.04787905620830912,1.4199606123235498,-317654.0911813653,-0.6941531195707427,0.8769551049697881
2021-02-25,0.2456777048156269,2.6315943543596845,157177.88524104282,2.5663825376413385,1.1398728956454107
2021-02-26,3.160685476313155,2.467302123441385,-1081314.095322366,1.72683647722166,2.5993623691792607
2021-03-01,2.6732570518859333,3.26253076804651,-503110.20078986953,2.3313659405259415,3.1746812796977864
2021-03-02,3.316674897658203,2.6892881239038715,-527885.7988617977,3.0924597836924193,3.687965062631676
2021-03-03,2.431911357597599,0.08724048484312874,1320359.7301935917,1.3513499671924336,0.9181410198449456
2021-03-04,-0.12392260400834232,0.49269755096952395,118816.52736966033,-0.6310658464197445,-0.1848587232117609
2021-03-05,0.7038363639380165,0.4341218179142743,-223869.30625847355,0.5727562809489655,-0.28553968375349115
2021-03-08,0.4231724572247515,3.2854242432356813,-48992.860126450425,2.8031901056076123,2.2403090198629556
2021-03-09,3.37769566442433,1.216923640033123,-798367.1745260162,2.248623381054294,2.916021580513174
2021-03-10,0.7640425310438133,0.6899069338238135,-243222.17899091356,0.6140075135652623,1.09253655237233
2021-03-11,1.3149459038743316,0.6387383546929826,885710.4911490779,0.722483386005841,0.7673828196723704
2021-03-12,0.670959509131869,0.08177541057933269,824869.6057816399,0.3542897981682245,-0.06325186334129285
2021-03-15,-0.2793690255048631,-0.8220883431801269,6629566.572981747,-0.5973486530909042,-0.6171648053031689
2021-03-16,-10.275009228044894,-4.30464782971648,43818338.89454556,-3.5011074090198235,-9.64998015233342
2021-03-17,0.08960014524339854,-0.3038305411792912,-17927946.03627453,-1.4643293563469229,0.7777539294286342
2021-03-18,1.0288558685747056,2.6503604647187444,-4090142.805355348,2.290238198015892,1.820180258667449
2021-03-19,3.6077405018502304,-0.20037659184877654,-5197027.476270421,1.3025866594690072,1.846106293008706
2021-03-22,0.2756614710276324,0.3255760332159099,-4105183.095096774,-0.502507277206309,0.711803742707037
2021-03-23,0.3566697183139489,1.5471071553208589,-2592041.435835967,0.4898834799168661,1.3917497761628965
2021-03-24,1.8181454178756518,0.4151432192669908,-1557235.8212567475,0.8088432592734236,1.1828616253646445
2021-03-25,0.08398931723385061,-1.369967320519489,1258134.095818703,-0.7184650326699398,-0.8874978214188687
2021-03-26,-1.6525562829382743,0.979515863263078,-676453.5587644386,-0.4203215909114242,-0.27266115856664896
2021-03-29,1.4921304248473461,0.8245297669147327,-1254897.2738355696,0.9019481059237755,1.253351249808908
2021-03-30,1.1077424555214463,-0.8263858442157108,-785689.1044916839,0.36776650457819926,-0.24288464924323705
2021-03-31,-0.9347313999729785,1.8456298920096366,-521442.54427983146,0.5821945028425759,0.7021450982024753
2021-04-01,1.9222889928370783,3.6210417854302683,316550.7998542059,3.1805773089309213,2.399196019757106
2021-04-05,4.290800194068165,2.9954884273934788,-945023.695606834,3.0150879006244473,4.208190877103004
2021-04-06,3.18713944793954,2.926548667621237,-108222.35148236388,3.518883749531927,3.794193559851717
2021-04-07,2.4951408963819475,1.3006939652530214,-1690405.4279909346,1.838921133665906,1.7273696944228618
2021-04-08,1.3259929999243987,2.4120544236313286,-508757.50655025104,1.716419334235809,1.9124002219880332
2021-04-09,2.6621395953606424,2.015217175307935,-815272.5757873943,2.00267405480259,2.182706065295392
2021-04-12,1.6937044896789928,2.043539622665353,-602366.2232855184,1.6238973115321187,2.2024249538367293
2021-04-13,2.867945828399673,4.1860112185140785,1822806.9158404225,4.829112411674615,3.0816609836081525
2021-04-14,4.057490565792062,4.641336241942902,2124126.7593383184,4.572929265901209,4.50554492310458
2021-04-15,3.9030779630368357,3.052474486627869,-2424416.687996354,2.9399350258561796,3.8286371160575996
2021-04-16,3.395614367849902,2.6941471113201594,-422859.1936329331,2.7028212933003672,3.0520117235510504
2021-04-19,3.3859072613479952,1.5433431299886813,-218087.0553375443,2.464157373297418,1.4897947284737043
2021-04-20,1.0022918223042474,2.6038463941976318,-1422173.6545725467,1.723664763799352,2.2400938658292695
2021-04-21,2.9348694564417954,0.8458603720425621,209321.56550196046,2.0188926628103943,1.637147564061074
2021-04-22,0.7897348857226909,1.5874229390755126,87461.27729272004,1.2757098651811312,0.9862225874990251
2021-04-23,1.586392102697424,1.986044262743313,-878690.7266789549,1.8526180017764062,2.405520417241167
2021-04-26,1.6889695827644289,1.5180178571153462,-43735.91023150878,0.6811109608188488,1.3136040362213386
2021-04-27,1.5198763242977655,2.5287074858953673,-352764.7810596919,2.069324648276897,1.9259350340703705
2021-04-28,2.880637737102191,2.8667028082004506,1503088.120045633,2.715649810055293,2.8143329432799113
2021-04-29,1.5697615497576898,0.11627234844907974,-297290.31507863244,1.6841023984806007,0.6789756456813976
2021-04-30,1.05523953628202,1.0587833882875657,-1264854.6541410552,1.2153257757203093,1.7712145987795118
2021-05-03,1.094178184807049,1.843730253434206,-620610.0715413066,1.160028684754863,1.5491472532052235
2021-05-04,2.0889679952123608,2.23229663348231,-210506.23162355437,1.6740096831164841,1.8562693932184438
2021-05-05,2.05501260457077,1.0270791180432148,-230395.15950844903,1.5224005255109567,1.4400999806426178
2021-05-06,0.5789585305329474,2.2693640606186953,38029.96361517743,1.5681311775417939,0.6582257817389809
2021-05-07,1.890822445427066,-0.7678209378252987,1440909.428876788,0.9322858558226805,0.6807117993142136
2021-05-10,0.13707997252110715,0.10308051291415765,-784172.8263217108,0.06032952361357147,0.5506096601458168
2021-05-11,0.09112723045853599,1.7222895624703476,-316091.0760884171,1.1301887669639115,1.0236939306455781
2021-05-12,2.278978592036353,1.5965601414167416,-274715.9180225327,1.1726095029372026,1.3833354250408014
2021-05-13,0.46314929172467245,-2.013236260219884,2875627.8978322116,0.20395122268761057,-1.4452838746736951
2021-05-14,-1.8048842829776284,0.8385503260816947,-615990.0504089277,-0.02409671108386391,0.20644492646967905
2021-05-17,0.5355471104398788,2.398508926551088,-449460.77218907117,1.524409828738822,0.8575735297086347
2021-05-18,3.1303921587961874,2.7437221231271813,-267638.4525436915,2.5291558133477423,3.551981203697949
2021-05-19,2.550455679399885,1.8477576137659497,-833130.7978500844,1.865888253970727,2.5479869285476724
2021-05-20,1.7553223235208506,2.9087286087886213,92275.5834451653,2.8379483493384647,2.265806032402782
2021-05-21,3.1762155283005455,3.077545717182872,-347576.19170591375,2.8500576798512434,3.2161711677143963
2021-05-24,3.3232732193108987,4.307834704550881,122361.63975222292,3.7344630353909167,3.5358452752349407
2021-05-25,4.630797433791571,3.387511211724231,-461317.4285700652,4.143069971135873,4.52523276415009
2021-05-26,3.5044948233962288,4.05987428957728,875145.4118895032,4.027569063082126,3.5668568748642
2021-05-27,3.3432318029086687,3.2700197748375146,-221253.40695006587,3.4022678067391467,3.593159500552602
2021-05-28,3.842014377427514,7.90159367760543,5427759.985897649,7.512611739238896,3.7090576251788647
2021-06-01,7.199057271645437,5.133128499612539,201467.44325575884,6.8042853430456205,6.9179166236497664
2021-06-02,4.960289153964631,4.835038879735521,-1659157.6279623108,4.586705790424759,5.0883294282175555
2021-06-03,4.794894838626078,2.9851203185051673,-50487.72646116419,3.3309319923632756,3.3620137266926235
2021-06-04,3.0350724077328266,5.288371831354432,-167312.44705231907,4.443217396751102,3.5134208675887706
2021-06-07,6.021466849462037,4.166757317974422,3449412.440000415,6.1540374512144,5.70334288322363
2021-06-08,3.7099355670302927,2.324854043132227,-2407726.8565255003,3.5161879709310497,3.1118008941286917
2021-06-09,2.2674571900220215,4.744723659135715,-590886.4370181067,3.299964130794663,3.022807903481926
2021-06-10,4.797383865116537,4.661388727801082,-613675.2055968237,4.312293663042787,4.808563808048163
2021-06-11,4.743752366272325,5.014773919191043,281305.0206136706,4.5655471525657845,5.176544694518171
2021-06-14,6.025632215130884,2.1925825976213886,391593.80209907424,4.669249633210441,2.7340641613178747
2021-06-15,1.5974560871454813,7.049614311502964,4861260.152683763,5.073133734187955,3.260713421346985
2021-06-16,10.36283579325886,6.247191682427946,3899445.953113078,9.662105944445322,7.961921191521789
2021-06-17,0.4550603256188026,0.6437568738708777,319364.9730561804,-0.2754595761126595,0.5953722937058998
2021-06-18,2.475579640444728,5.153950802451199,-3019170.5298092454,3.5458816777724493,3.924726240557554
2021-06-21,5.5285409170230295,3.124185817602722,-1707129.2206372581,4.47884777142108,4.596152770615497
2021-06-22,2.7731032682421457,1.2955813945777948,-613847.5970830978,2.195881578188434,1.9646950402128098
2021-06-23,2.2053256622929283,3.4194140563194253,-1328100.5172500277,2.1924899538997096,3.764059836331697
2021-06-24,3.7542516953021448,3.6485425119185777,-435759.7716810488,3.3626718431435094,3.5115999726966223
2021-06-25,3.460884862325706,2.396956417766944,206541.14560815995,2.7513706333479178,3.0292836821813367
2021-06-28,1.2692006401193012,2.9165627621562606,323363.31110547436,1.8897170130400909,1.9233778454760113
2021-06-29,3.0366018087859317,0.7497439650173163,-807795.442700264,1.945937362204475,1.9689260708635956
2021-06-30,1.0479366150312046,-0.09061677433070514,-21244.86991618038,0.5669374683754285,0.24511444167335128
2021-07-01,0.3576845335787624,-0.3280083139547898,-204313.99228071934,0.5907735260961786,0.07203585347341956
2021-07-02,-0.8414524042618758,-1.8445470423134367,1417423.5164276657,-1.1360110819211293,-2.3727447115415536
2021-07-06,-2.01314622088114,-1.8065777489923036,1132513.7538968255,-1.727876366588628,-2.0824431862055306
2021-07-07,-1.8772142494965927,0.17025233131413842,-1159514.9980783456,-1.4718948113947512,-0.7696981313631461
2021-07-08,-0.0012480882014891392,0.8863595936693294,-925012.2148316776,1.0549158397908371,1.353457113809796
2021-07-09,1.107377951082146,1.6716822549986041,75756.6171692682,0.6449530365425531,0.8708216792906072
2021-07-12,2.2091027597483617,0.917306100084307,983893.8330401478,1.6746644753716176,0.22925035454730036
2021-07-13,1.2415602499542011,-3.4718625774071086,2650220.1930531757,0.6241844148432243,-2.2403072371969053
2021-07-14,-4.513890984476532,-0.6387744699931588,-955375.8677549353,-2.6985717419331543,-1.1021964598838672
2021-07-15,1.8917383006090525,-0.6778200956226748,2375776.964185804,1.3864007647077408,-0.24160949549153798
2021-07-16,-2.2543460655382184,1.6978256696392044,-450963.52016016096,-0.6540446932833426,-1.6345104513501596
2021-07-19,2.2756181306800194,2.832204572137762,-324284.7854014449,2.57085122170443,3.9324180272899127
2021-07-20,2.678768126138433,5.700380526263135,106633.84721686644,5.090781929880784,3.4419221601786454
2021-07-21,5.4007999407152525,1.5562012171262083,-979971.2109810789,3.5938327903047735,3.5849707630850816
2021-07-22,1.8198855711720334,1.3982682661994659,-560471.7124460647,1.4259704856095077,2.1645339926257954
2021-07-23,1.2359880322475298,1.6226425121352825,-373607.69681158266,1.2041659599305419,1.2444284711616618
2021-07-26,0.9471906210204395,0.8411786486183601,-224524.8697205251,0.19735897208899544,1.2119839979210774
2021-07-27,0.8276750888027458,1.8713858979913063,216535.37461914518,1.2032425355076448,0.5669673970308047
2021-07-28,2.0705869433334243,0.5373334318848251,172328.34021689277,2.3739874520685724,1.735828743918507
2021-07-29,0.36506328575255154,3.1543143040932478,1184252.4488527998,1.4189047650904065,0.8785481849766654
2021-07-30,1.5384209228777088,-0.1640629889881957,-927945.373175736,1.0890679852201472,1.818324401009857
2021-08-02,1.0024692624433165,3.3466311018532657,-339194.3279839107,1.82339697218816,1.7805266969532134
2021-08-03,3.1533992110195896,1.4487906801452581,-945032.1254250247,2.109825211115666,2.70379042842103
2021-08-04,1.697145613651589,1.4938828087446936,-245044.74586030282,0.5833365746675803,1.5869849146509445
2021-08-05,1.5263531125443848,0.04783539041210361,260874.39399737073,1.3612911287470801,0.8021090634470092
2021-08-06,0.16608100970657702,-0.5672025741885065,423084.7273658016,-0.10963961491093244,-0.16310441369177653
2021-08-09,-0.4831905369482321,-0.7514940345242955,193016.71967976773,-0.8238134804034409,-0.45907532205805524
2021-08-10,-0.7950577983252529,2.2900318497901218,603932.8840474105,1.6384718708676758,0.3093687399283809
2021-08-11,2.0441003074580486,-0.23403679658001408,-224066.8354494644,0.8472707253832894,1.3130127399421525
2021-08-12,0.5047729304963795,1.4339925194062673,-278715.94525935315,0.1645887369399439,0.5618102829332798
2021-08-13,1.123557479005008,-0.5747483149488382,873632.9967783347,0.32134575589798686,-0.6372438528523006
2021-08-16,-0.8828191628338686,-1.9938549527108513,690065.9522480415,-0.9192871012052528,-1.2656429128089606
2021-08-17,-2.3605673272207035,-0.9216859165282898,57804.91330406722,-1.82368604020742,-1.3106635100829465
2021-08-18,-0.7116640157841587,0.9507858472217272,546224.8816762415,0.777375764690948,0.43939372149904443
2021-08-19,0.3528427847530793,0.9720102414808061,292263.14551192196,-0.08957840119286686,0.14222436890585755
2021-08-20,1.2061084486534348,1.7449115238746096,-457595.84491925174,2.032975977480973,1.5631168440679168
2021-08-23,2.188883838868275,0.2815968172366041,-621861.8859693736,1.5272229496133463,1.5445760392297636
2021-08-24,0.31827672305740506,-1.05433533461229,136357.97531543789,-0.4427989864491586,-0.43707559077852665
2021-08-25,-1.045125691331524,-0.23707230703497473,118829.14703499014,-1.138226947987544,-0.8770805677892497
2021-08-26,-0.862302479456531,-1.1071206644463523,-70094.02063313476,-0.7595778066638736,-0.34947020521002514
2021-08-27,-0.5692160680451437,-0.7064698760008525,-39457.34022923373,-0.4404947701294226,-0.27775579721588883
2021-08-30,0.009775077898467543,-0.0006668850511566404,311464.29805455566,0.6177403626949172,0.3255028503682098
2021-08-31,-0.7013437207650384,-1.4874121473174249,1630711.9063930246,-1.2141038460460507,-1.1825128633684265
2021-09-01,-2.637451159249828,-0.6449959274259989,2055403.0290178806,-2.2197330580495205,-3.743392952577935
2021-09-02,-1.1979270559653443,-1.7548112164981369,-961206.94347629,-1.1276410732608397,-0.3159858715115007
2021-09-03,0.12147769659940977,-1.8562685851501115,1643805.679660717,-0.19208782739675456,-1.1428892300736244
2021-09-07,-1.496055234261494,-2.026575994004041,-527808.12744564,-1.9843303648350137,-1.7293065942603363
2021-09-08,-2.235636587220867,-0.6000779872379951,-406042.8126200454,-2.2530187524381553,-1.718773712531437
2021-09-09,-0.7581572267779393,3.0642036890579014,856201.4640062959,2.2724787481352173,0.42629869095523887
2021-09-10,3.823837383732773,1.9518520630185812,-928166.9283764425,1.8010892949957231,2.989020652196203
2021-09-13,1.6125359451974255,-0.4574369106236382,-148041.85167129384,0.8357345033694799,0.37293879966083665
2021-09-14,-1.677399092405178,-1.5485317887149073,-113359.75408924813,-1.4665687708150692,-0.7687119293567726
2021-09-15,-0.6889131189110103,0.7307156363397809,-40800.17404763005,-0.33209172978955337,-0.22531882075146115
2021-09-16,0.7101915636980749,0.5564467696159809,-503692.4904343381,1.2288699039562445,1.4692692344659477
2021-09-17,0.14787773758682476,1.2099251295339464,-175013.9611366263,0.2518075507365687,0.35803008132674563
2021-09-20,1.9179129694079649,2.4264181581371282,125814.78494148259,1.9276917844713246,2.0243961234325454
2021-09-21,1.5351773178248713,1.074596266632792,41442.15004558349,1.9934531297548972,1.8164677224216845
2021-09-22,1.4856031188246597,0.6800660295353858,317061.4767884286,1.4735860574632724,0.9115116492757842
2021-09-23,0.23491733892366184,0.9185073865267199,-25685.38050213596,0.6047786501091004,1.0851861307450683
2021-09-24,1.879923448335596,2.25909779705362,106143.66268787417,1.684744305878624,2.011278207691717
2021-09-27,1.157348505973463,1.0555475626594557,5869654.374010388,0.542131648482421,0.7977352698613522
2021-09-28,-6.792455538561114,-8.534765874242865,23575170.11641378,-6.88249146494136,-7.68856369498322
2021-09-29,-3.5042044780040893,-4.163786717036778,561929.9413876552,-4.300085845210095,-3.8902440142230414
2021-09-30,-3.873454386405319,-2.4570493295919267,-3743035.720063337,-2.828141301581109,-2.9764173652112156
2021-10-01,-1.8100395672886727,-3.1939381948765604,689144.0113871079,-2.4959234148536265,-2.6223101749928066
2021-10-04,-3.7543671774689518,-1.0530828462723747,3291880.7260833997,-2.2185589801326273,-2.984801068679502
2021-10-05,-0.3961224623182833,-1.2411694530950061,-1711921.3950699568,-1.7983941631668365,-1.2750589685291764
2021-10-06,-1.0351408581654553,-1.1439435646232976,2548361.5102425124,-1.2743384912586322,-1.3219802923423476
2021-10-07,-0.7128160087330961,-1.5109398586409775,-2087287.8875689032,-1.1410923090890641,-0.3281042769381006
2021-10-08,-1.4557824261377839,-1.1492896671563635,-147534.70415020827,-1.5719777715313867,-1.3509630619094342
2021-10-11,-0.9627115274397049,-2.2508810922664377,-467887.6692335829,-1.3938934378175265,-1.6750374316743954
2021-10-12,-2.0184162742155802,-2.6761301317755724,971380.0670999289,-2.01118403061116,-2.381621928983913
2021-10-13,-2.61558153696266,-2.160701500839153,-229202.30969649646,-2.508979656105602,-1.870949390875408
2021-10-14,-2.287468474620985,-1.6465578479974017,691867.9008815875,-2.051472542191366,-2.07183115755368
2021-10-15,-1.0031837465221969,-0.7404127272606846,718405.1353478115,-1.4578224445244086,-0.6501806932714818
2021-10-18,-1.1772272386322022,-1.7854218640602202,-2201617.492117476,-1.5099306426479888,-1.493321428379522
2021-10-19,-1.5915548433151727,-2.0560814594931323,-375824.4862416703,-1.466488639814031,-1.6596884025921241
2021-10-20,-1.8679711845857163,-2.0467765212359534,918100.7674199296,-1.7839363387376928,-1.8767188092590352
2021-10-21,-2.3166890286878807,-1.1130099530146271,-1077138.5954382252,-1.9668413342822468,-1.5665244388100383
2021-10-22,-0.7390128038094215,0.6523487093679616,825759.4209154481,0.11948886925421753,-0.2948097273446635
2021-10-25,0.2680992634593711,0.8701441138152504,-1110900.0301949102,0.5533346833315598,0.4450760733372938
2021-10-26,0.7732133543345334,0.9424652069462542,7198352.06662058,0.8688311583666408,1.0863725786734335
2021-10-27,1.0502501577211039,-0.010121441055517266,-4815735.282210959,0.1812129463778831,0.5587356718055592
2021-10-28,-0.03643989539160408,0.8294762019924224,-226042.10019726958,0.673217518223149,0.39877204963541857
2021-10-29,0.770264376710216,0.3015292447812321,-1788583.5303893136,0.6318054645513627,0.7838174426076794
2021-11-01,0.5099251218003413,0.7549176318934752,-1324825.805194751,0.17812373817865002,0.21223160278882602
2021-11-02,0.830777714588784,-0.3991632597555199,-185246.98518616334,0.29374875778894705,0.2546686347260021
2021-11-03,-0.30916001525283754,0.6552108618366042,-592532.2754739851,0.2868542257341318,0.3863456623418404
2021-11-04,1.03011280606486,1.5458324677719837,931450.0810133042,1.224877283962778,1.3324734819732296
2021-11-05,1.08649819102998,0.3679609677196698,-1001918.5528292209,1.024515397562503,0.9726770183598088
2021-11-08,0.4572867803425673,0.04091607196589564,-1613994.0235219586,-0.01101946155978517,0.39405813847561433
2021-11-09,0.6900775045347736,1.6226765639801037,2250100.3388371887,1.2325859783087658,1.0349514803701219
2021-11-10,1.5006169307869346,1.662923463821608,-551598.6499822359,1.5163612553821562,1.696990621480941
2021-11-11,1.445608334665975,0.2730267239693944,-515623.9416105896,0.9227225007758406,0.606188934479805
2021-11-12,-0.127770361552205,-0.10253750330247158,47454.32042685244,-0.48233020876505783,-0.31250734385687906
2021-11-15,0.07997949162415985,0.3318070696556834,-537302.6242557294,0.2749571933174195,0.12129180762945957
2021-11-16,0.39438565511583334,0.8144443370120946,6524323.911983017,1.0980905515580623,0.7685161192845555
2021-11-17,0.33643102542731107,1.1123316923426572,-1412224.78951741,0.7911214087702874,0.37819851520089465
2021-11-18,1.7301749856335018,0.6494591706999593,-91218.13433407666,1.298794819693656,1.4353919142075853
2021-11-19,0.5519401337362986,1.442569780358772,432908.24710634723,1.0024004796501966,1.0950522453042915
2021-11-22,1.5534782004394323,0.9063418189580013,8448838.060243335,1.5478073972379303,1.5449649172300823
2021-11-23,0.7812115926818048,1.1210010707004034,-3716954.6467593545,0.34301395272012236,0.44914786313860766
2021-11-24,1.138587696096172,1.5990146463209456,-2570134.0757354777,1.4262483364988086,1.5397668796182327
2021-11-26,1.4434813538839162,-0.5473877125957731,310350.9326980538,0.7787560284277628,-0.1497580246392367
2021-11-29,-0.16324358074987977,-0.5455628183261148,-718825.1065555261,-0.01630799979638553,-0.23726962418013464
2021-11-30,-0.5511565889609074,-0.011515490804283601,-437681.56084972015,-0.47294128931068435,-0.1349103985562543
2021-12-01,-0.08429442806668419,1.2793265196082366,1116805.5345448805,0.47525629071987296,0.42453813926738704
2021-12-02,0.8417790529607565,-0.6328555554200967,-388985.1347174002,0.2958493962592552,0.09625771098008329
2021-12-03,-0.299196889819882,-0.26702396200347955,306082.40386032267,-0.4893201105726437,-0.27508800420470436
2021-12-06,-0.1706524184559619,0.8472936123249006,323158.2903081146,0.19378067285284573,-0.16674611061597844
2021-12-07,0.9733105626408705,-0.617445905469042,-824170.227637365,0.7839747677464661,0.3366139479856063
2021-12-08,-0.775440178545832,0.6659506010163945,705260.5500672227,-0.44466572630257417,-0.06991353159400049
2021-12-09,0.5625346136831997,0.5775770648755358,-728106.2790412614,0.7318096083352472,0.9755614253650045
2021-12-10,0.3002254631879371,0.6919905705518676,2997232.937073608,0.23949215788160494,-0.6419748447750102
2021-12-13,-1.4200284861433818,-2.4295014966481467,4975218.908612335,-1.6171344387535882,-1.5398811292801593
2021-12-14,-1.4559162718917946,-1.5976430769920889,-1449826.2323185168,-1.8660979774479483,-1.4855238338290349
2021-12-15,-1.4553742765525932,-2.2430803837061823,-402895.09841463063,-1.720420729047886,-1.7931684077585182
2021-12-16,-1.6350036693496008,-1.8640459121215551,1829967.1298308908,-1.508803578913417,-2.156938896189393
2021-12-17,-1.902645497435607,-2.3161913280829083,245217.34314081445,-2.145292202227763,-1.7964541485804535
2021-12-20,-2.636838390734228,-0.7705912758915145,2181435.612307121,-1.6155312078500454,-1.7439160977128276
2021-12-21,-0.17439339073145188,0.7279519538347881,11890.475179508328,0.32703201566700635,0.26990382864146234
2021-12-22,0.5229429892555739,-0.6889186133725751,-1356420.1948509663,0.005637865937178077,0.2571126982844234
2021-12-23,-0.22440015768015442,-0.06776214679728554,-752117.817388833,-0.309635631290357,-0.26673956274074406
2021-12-27,-0.3159193331294361,-0.9053214296996055,-1266022.5953841126,-0.5909862400274566,-0.4351346266299494
2021-12-28,-0.7702505074349819,0.5665205870728851,753031.4229604271,0.1604489964106559,-0.2428799105962378
2021-12-29,0.642610190237825,-0.021070568013550783,-135317.4897059165,0.04821580620336263,0.26865706987734583
2021-12-30,-0.16351643153845963,-0.05371633762636563,-1451522.1943408353,-0.42552502872954356,-0.07044023050548631
2021-12-31,-0.13440782839246523,-1.130048862662612,-509746.18670856627,-0.5252966795021567,-0.7400341686638505
2022-01-03,-1.016193852946043,0.005202056005302325,-883652.6172225319,-0.66117494045454,-0.2727827742058899
2022-01-04,-0.09852665707971653,1.1339398102614595,1596896.6187091009,1.1615438842183572,0.28600651129878507
2022-01-05,1.341707245431083,1.2775307426513098,-377079.75778599223,0.9405940837431288,1.586016675412358
2022-01-06,1.2829940400578046,0.6727008274953121,-281885.39997165836,0.8894059494540745,1.0722899479943386
2022-01-07,0.7276194220773533,0.17661868492625565,-471637.2503223568,0.6122903523358207,0.5005128901154485
2022-01-10,0.12557657735880667,0.7378219348484283,2485701.4221712654,0.5458229455650638,0.5351563890324709
2022-01-11,0.6159678029657076,-0.006691585543066481,-1655792.4368905262,0.10871819578775543,0.26078852866707436
2022-01-12,0.41408998057011637,0.249916321309696,44438.94609936001,0.20848219371765353,0.2149231911694791
2022-01-13,-0.09247359044408832,0.49986376704333146,-1194910.7577758606,0.03750212958719423,0.14962107069298902
2022-01-14,0.6758319201741578,1.1764601932412955,736349.3122217271,1.2116241247650574,1.0522417586424044
2022-01-18,0.9950132125085069,-0.14488612191660266,-99794.64006437501,0.320801741771195,0.42029553883705795
2022-01-19,-0.4705697390903971,-0.6463302516697578,-217395.25962744048,-0.6324499729644906,-0.5726202835273746
2022-01-20,-0.9439899503935809,-1.2806787875691228,255902.44501216616,-1.00613751702147,-1.182687961838563
2022-01-21,-0.8861571678247779,-0.7299150543190418,-744075.5759888683,-0.9609123675566282,-0.6499391416992895
2022-01-24,-0.5334826781697863,0.366502655437273,1230043.4620754914,0.09389837834271031,-0.11499927295854206
2022-01-25,-0.04960421982127272,-0.5839270891198716,-344899.7028486342,-0.48096074123523636,-0.25971409823536895
2022-01-26,-0.3051040711209696,0.46061377012841564,3089914.0468361033,0.09825047024846967,0.11206806891737209
2022-01-27,0.7599950563537634,0.81646105356534,51461.74276569439,1.01767083519562,0.9401699368190837
2022-01-28,0.5015479051993523,0.634369326418585,179295.81839373894,0.7919891481634753,0.49770335345742733
2022-01-31,0.8794339979374426,1.4943161522501587,58568.59422791656,1.0880152086617834,1.0834597410789453
2022-02-01,1.6982180780395595,1.5120982751303025,13288292.567507403,1.6596362045882564,1.7348739160865971
2022-02-02,1.487699310461311,1.009739985082625,-7861426.687461733,1.088311213927497,1.0319085114412765
2022-02-03,0.9245436559129079,0.0299659218577073,-1979067.3799443278,0.719850913886118,0.4340142240822864
2022-02-04,-0.08618012497200667,0.17355409926124032,-2058557.1047445121,-0.35228346154782386,0.179023494160937
2022-02-07,0.016069167370204696,-0.004588178207482585,124389.84294506372,-0.16176138982572574,-0.3338980531690199
2022-02-08,0.2849441661017007,0.6794174233712624,-600127.155864696,0.7466581642332653,0.8187889001510786
2022-02-09,0.4399673259961645,1.4870412160406303,-697633.1994994064,1.1278251162171635,0.39004770313450265
2022-02-10,1.531751930409266,0.7312938852709987,-187689.09418077534,1.2410159493606585,1.514616914475746
2022-02-11,0.8245135315448113,2.0403352408506894,1841212.584784605,1.6857647209965538,1.0834846206838407
2022-02-14,1.7540270078564948,0.8555172309784709,-509565.15949460445,1.4910154763427776,1.614237632946379
2022-02-15,0.2817225417601854,-0.9492384161511414,2038238.1176675227,-0.1510324411056505,-0.7758854511324138
2022-02-16,-0.5075151545072565,0.2320657666072492,-1458304.8757282225,-0.44934430747921894,0.02463435898258748
2022-02-17,0.04560440603113314,0.04554828953532386,-894349.4857612927,-0.18574837481298978,-0.03344226363873659
2022-02-18,0.2097195169717576,-0.054152089787990576,-326995.16883766744,-0.07748463413850892,0.1904038361189473
2022-02-22,0.3922158546014316,0.511061578766955,-683405.9334303665,0.21555842710217554,0.4139903393540765
2022-02-23,0.7888342962088313,0.9742131569619161,60784.99526726594,1.247200671408745,1.138550078330721
2022-02-24,0.2975947818793294,-0.032951457634371906,4494857.9338909015,-0.01525151026566185,0.04257026958780763
2022-02-25,0.20846975094993248,0.9229012335806512,505331.235040565,0.8581284282325328,0.6308297770597244
2022-02-28,0.8608008589296965,1.1851530513883937,-422697.1755048558,1.112431948673919,1.0038159879540425
2022-03-01,0.942083303378066,-0.20237452525034527,-1682499.3036422872,0.8444542486472049,0.2366763714216198
2022-03-02,-0.1689856709471016,0.183920008759749,-649412.6077154488,-0.6056382980504242,0.06550267265056142
2022-03-03,0.12761106409899003,-0.42776505997031045,-305319.4328370597,-0.14929857621130793,-0.21882103211402004
2022-03-04,0.09133306606203195,0.42288421034854995,-313674.0024392493,0.003620453569096682,0.2849611731232642
2022-03-07,0.23670506784801404,0.6493422531983732,-678929.7357646823,0.4771032447600456,0.3446874592795508
2022-03-08,0.5712185489333095,0.4712655631116469,-601112.8403068185,0.32948651764743886,0.56768455802513
2022-03-09,0.47412649625550074,0.6026194080785903,342600.68257090054,0.5115907632931371,0.39981433226179863
2022-03-10,0.49743602846640833,1.3511940277019479,632109.0121403933,1.5360008800983609,0.8804974174319735
2022-03-11,1.8264089012732683,1.835540664548013,1711407.8564846185,1.5883600951533534,1.8868213276039345
2022-03-14,1.1488629157506232,-0.34781402213101487,3078565.6894614543,0.7851788398794213,0.08967206845252562
2022-03-15,-0.3390451923740052,-0.00513959154154886,-228278.52393087232,-0.5103645093376254,0.01696724867286381
2022-03-16,0.3183528773296125,1.0379459704086127,353528.7153157643,1.3385927266915747,0.6577467865343394
2022-03-17,0.853082861239626,0.06958123352484868,-793524.3626079638,0.00789541848225106,0.409533321473039
2022-03-18,0.7015924355429348,0.824003396721463,-506576.9773659175,0.5118135367631069,0.858602549923015
2022-03-21,0.8261690658577248,0.36391707153319963,51604.537422880996,1.255479398557739,0.7190940753756436
2022-03-22,0.4269936563398673,1.1227327258981967,-452253.13486157823,0.36851960065141576,0.7589576904311741
2022-03-23,0.799326668038745,0.7808495400126372,-878409.3121014137,0.772013342437921,0.9955055049846679
2022-03-24,0.6682509972629571,0.4811357613286127,179761.29622818343,0.38557909495876963,0.2899279982056502
2022-03-25,0.30284790180614785,-0.11177982710702672,799038.6547545507,0.026639417639913177,0.21393343955906818
2022-03-28,0.007870692211666253,0.18711336224943587,-1225577.103456988,-0.12026601880505439,0.17286008504920858
2022-03-29,-0.055123160469922716,-0.46260750455720245,1480407.1103921204,-0.05612551943125599,-0.2928286366484496
2022-03-30,-0.39526601388150606,-0.49523603096629465,897741.762530521,-0.34503403148987566,-0.4079642969955817
2022-03-31,-0.42476394159405384,-0.45255287504325814,-175704.7024718034,-0.4015005364359645,-0.31570842622143136
2022-04-01,-0.3265384836216052,-0.10416215686389929,641885.7076771036,-0.28258647814007176,-0.1799962690126664
2022-04-04,0.06055543734717883,0.21168345669358946,-1228920.0547198346,-0.07575120282137338,0.12532499415002807
2022-04-05,0.018693822445997377,-0.3482778407991738,2288641.3554332964,0.17792229421251893,-0.2530439977563379
2022-04-06,-0.43797595111183174,-0.18410464589280817,-1224948.6576950043,-0.4351701612787018,-0.06016902103305277
2022-04-07,0.09034444398385144,0.3074031277965288,534613.9047044697,0.13294653960040925,0.1812281519083312
2022-04-08,0.5096006748342772,0.06908930962279136,-583513.9033518438,0.30083579577465613,0.26802479538976254
2022-04-11,-0.2530427286735941,-0.43402713817993366,1920826.011960274,-0.38408941378484673,-0.5333003041007824
2022-04-12,-0.13752312990036764,-0.40960030367026956,-907110.1616223464,-0.2941419836370045,-0.23964133812540656
2022-04-13,-0.49155611370885843,0.34947181158706897,3808772.587524418,0.1942482570598827,-0.23994195898426174
2022-04-14,0.27828977797127585,0.2608906070283732,-2343422.1098517263,0.09729522139223867,0.3044706219458
2022-04-18,0.13015069257263878,0.27331286968048474,-1368982.115542599,0.04844223814872972,0.294100642246959
2022-04-19,0.5535596176183084,0.9429183870817974,366924.1123157032,0.7813146583354529,0.770022067910368
2022-04-20,1.0059422771782662,1.3135571063712659,151447.94708919758,1.2070655958699401,1.1051084616185678
2022-04-21,0.46211416945394035,0.03214831247480365,321802.3235991439,0.16171681121196357,0.29750892182326805
2022-04-22,0.2773225880288921,0.366106660048362,-757670.2872514741,0.27295230561710415,0.18520088682465197
2022-04-25,0.38426619841145193,0.5769740721345071,-247134.19914503885,0.7727246399876009,0.6054392975524152
2022-04-26,0.36159902923482257,-0.07927766987706253,5007154.439636559,0.0025567634434953135,0.20020959837196983
2022-04-27,-0.0267592994369803,0.23610575897561858,-3301210.818981418,0.062273946946894476,0.14519073585956743
2022-04-28,0.27752710783295953,-0.05669845293832676,-1135321.8248565143,0.0726382870835307,0.1690955277872055
2022-04-29,0.09085966149310121,-0.08704246670438565,-179221.49243036285,0.14910975428213114,0.054389387101416276
2022-05-02,-0.07822328597299943,-0.2195553330935951,-261554.8972627807,-0.09552910569575612,-0.1716774235363685
2022-05-03,-0.2721084669054905,-0.04918729766400354,299263.59287688835,-0.352434200249121,-0.20014116693973882
2022-05-04,0.04997598962923533,-0.14522714545131254,-475743.48442563205,0.23693646224672538,0.06108803978657651
2022-05-05,0.029751015601276798,0.30943465504183454,-413498.0429897995,0.17222102392922523,0.25601561954375374
2022-05-06,0.3760007247882502,0.6615324952780979,-29048.199925982626,0.38552448860268385,0.44931382423312893
2022-05-09,0.4604157966182916,0.4946212610316918,813845.837052545,0.3319290628922653,0.39443627640460477
2022-05-10,0.5350463639844527,0.605918685155765,781894.6807895238,0.8466902491122079,0.6939747713858164
2022-05-11,0.6929074346120316,0.1742733344364753,-703929.0774581251,0.5132641627049859,0.21584122820287366
2022-05-12,0.44800646503917996,0.9127243055383625,643005.0656928613,0.6519922321799676,0.7825046329177896
2022-05-13,0.5305036274010924,0.503110811940787,-558948.9642522268,0.3161323103585998,0.3105569320397574
2022-05-16,0.6418476466407874,0.5746323832330118,-794038.558504046,0.6633727025204124,0.8519452732238388
2022-05-17,0.22681358581537747,-0.23360436306248467,573140.3542934333,0.10734481869329215,-0.18280938153807202
2022-05-18,-0.020834904407633914,-0.4110075663516737,-280198.20610775636,-0.24947490110428383,-0.3141033257029546
2022-05-19,-0.46506826371889964,-0.36606497939031346,275477.13654314005,-0.48214583650999554,-0.5060779423912747
2022-05-20,-0.29624682775322686,-0.07211887257140415,-583089.1173611025,-0.2879426208070033,-0.07532617174423706
2022-05-23,-0.3427677224695582,-0.02885278619845799,725649.1801007292,-0.07683377806504055,-0.2597400163872221
2022-05-24,0.38109548286472084,-0.2838817788344734,-260902.04378503724,0.3646657088913612,0.03617534912030962
2022-05-25,-0.1609271997540258,0.604819808439542,957303.9608290852,0.1729451253540839,0.25321960186499926
2022-05-26,0.7213717020104129,0.5981522966671671,251083.4050528952,0.6938689913416587,0.7756867105009855
2022-05-27,0.31709987152546226,-0.08066729650693993,-632631.2325877275,-0.02787802215576818,0.03292780666478912
2022-05-31,-0.18024439187972163,0.21343559760266473,-79000.64786442486,0.17479501547466292,0.13466634061857707
2022-06-01,0.1862213046341532,0.6413456910850339,1210574.0366776625,0.33094882610717313,0.11576337943407378
2022-06-02,0.65958773444477,0.2766666901217665,-666291.1130190776,0.2362217494487382,0.3196617509393027
2022-06-03,0.38379508102919857,0.8920442291206889,-144986.34166946262,0.7581580996044339,0.7554811423576231
2022-06-06,0.6411758296961043,0.41295800664800986,252572.04426677176,0.8364817805835463,0.6953255032021053
2022-06-07,0.7078333212736334,0.3755852085594329,-276971.0568851186,0.44054916405922917,0.5900945290018722
2022-06-08,0.20602535660753585,0.48388405212881036,-95197.20061258692,0.1550344503220913,0.17840179016693192
2022-06-09,0.5027314532662768,0.3571322202630931,718109.0835585711,0.3885120580035428,0.4071070498020042
2022-06-10,0.7154967026370702,0.4327937629254315,-303009.92351721483,0.6823138017679726,0.6210871014108745
2022-06-13,0.23932704210484523,-0.21063076381895396,1931636.7954791286,0.16779017731079993,-0.03380259641579997
2022-06-14,-0.04453460860617753,0.9821436336396276,3271864.568703263,0.799592176391152,0.22802993086616663
2022-06-15,0.9719972588988126,0.5002469441983965,-433041.8185820682,0.5205147165666268,0.4869155096789033
2022-06-16,0.5267573898668747,0.5798767631567019,-939803.4012703882,0.42009242664116275,0.7576839628223455
2022-06-17,0.43346022982766197,0.22993569271438208,750356.3148253011,0.23287909414085295,0.15796763364144084
2022-06-21,0.02713211970293372,-0.07505357915831024,-872027.4717779448,0.14642718828140833,0.18570868293487575
2022-06-22,0.6122067844864905,1.7153745307600188,1838034.7152479347,1.3947760194475363,0.9298157482249678
2022-06-23,1.6395745668230273,1.3855397588839553,-118617.03509597294,1.3939705047316737,1.3938961547131532
2022-06-24,1.07917947371166,0.6358491813597471,-1117781.5453568352,0.7756765641972603,0.91880692066115
2022-06-27,0.9375462236277707,1.853639397240781,2271660.0083198054,1.7154964541895126,1.3094259367081689
2022-06-28,1.452520502010378,0.3354179605722436,329294.0608702698,0.8003403262391062,0.7088365045668512
2022-06-29,0.02506271271769478,-0.06202885656062396,-1308853.755260198,-0.0792837433282374,0.15259013376377073
2022-06-30,0.2983510600593231,0.17635934536742504,2518685.302372041,0.1724550906902902,0.005347723364492296
2022-07-01,-0.10697252392625067,-0.1961054378590088,-1050380.9298913875,-0.1423377828803769,-0.03402491846987665
2022-07-05,-0.19007483190760954,0.08435828760234454,-997296.3397839093,-0.2622543918408624,0.021074211038139445
2022-07-06,0.2173918570969109,0.43000090641593314,-651153.549179045,0.32561247186592013,0.3293214978406267
2022-07-07,0.331841373138162,0.33110096795424226,-1733198.6522383667,0.29376214246398025,0.5455941961450739
2022-07-08,0.29913535077414455,0.5280044065132241,957801.3077912761,0.5797979207028741,0.4332563834650598
2022-07-11,0.7811689277830292,0.5385701021188627,-73834.86672719778,0.5283139367252474,0.6076968615217444
2022-07-12,0.5047918553313631,1.349019331390945,1280586.4325265307,1.2220728665666485,0.7123274926914576
2022-07-13,1.4373643140523509,1.3079286943286768,1563398.9404741405,1.361513064908272,1.52407242010569
2022-07-14,0.9389841421915657,1.1366137149491582,-458573.2419263744,1.265966919038858,0.9157435177590987
2022-07-15,1.2073112865100875,0.43161466390501246,-448342.49883935833,0.8543499799197098,0.7226904443876663
2022-07-18,0.5691126104449786,0.30053914866947284,-269520.2471065612,0.27625947623184466,0.43067394530239866
2022-07-19,0.2804795511455289,0.7196420884956796,-717782.2892787401,0.5463263631323816,0.5665616420763788
2022-07-20,0.8104608318051314,0.999547677203295,663467.6759126037,0.9967618718267008,0.9897348562917498
2022-07-21,0.886491154969355,0.3755197461848292,-557084.6256047471,0.6508118712090747,0.6769496185497514
2022-07-22,0.35096027445902944,0.5983103773400353,-144668.5141335684,0.2731412775395299,0.4806041501551057
2022-07-25,1.3176865449346673,0.6640248509657809,1459723.0213869368,1.6096301462043066,0.6849127736342755
2022-07-26,0.3870302147810145,0.47978921808001296,-267417.3449733397,0.13289567758047482,0.478465882304107
2022-07-27,0.0875245699244509,-0.05484170965310131,-104670.1480984101,0.0030716702762454418,0.1363372079557914
2022-07-28,-0.002957982185703756,0.35811978413740597,5179140.727833299,-0.027920719087727974,0.19371233183934056
2022-07-29,0.4240711613293051,-0.06180213589660433,-2995465.9628861956,0.22764070324094465,0.0990630362676157
2022-08-01,-0.17940206827505545,0.050523366217388954,-1003428.0471452327,-0.04631110126868432,0.06109501479401924
2022-08-02,0.12391604953814639,0.2650874634626721,-749038.5703234244,0.29208940809437234,0.18606636815321753
2022-08-03,0.07740746249172581,-0.09106554164539027,520536.8594846749,-0.1654552968607721,-0.25232299003411285
2022-08-04,-0.08292717300114383,-0.013294331624710054,-407382.8242570793,-0.1228686242848589,0.13053784586102601
2022-08-05,-0.16277425818951574,-0.35482126285355964,1162723.2620158107,-0.2623264343750966,-0.2054640282910718
2022-08-08,-0.29069347882779617,-0.08724732739093444,1318858.4270853712,-0.3436162078520475,-0.2563373429668312
2022-08-09,0.14893910683489153,0.7247079043809856,757369.4936309964,0.6036491033244848,0.22994534542996803
2022-08-10,0.4362627192220172,0.4751980122269952,-1172835.189084191,0.4069960525056153,0.6377857545713557
2022-08-11,0.7848593793071954,0.2992570904424694,-450509.5996562445,0.6775873552951799,0.5111584661654733
2022-08-12,0.4182060938560941,0.6767254644117839,661377.0416587275,0.5333410093886481,0.458543986448432
2022-08-15,0.5023657226446652,0.33561478941678846,-291312.1737557661,0.2783896957755143,0.3909981136853631
2022-08-16,0.42464325261047264,0.6298711815146856,-233154.9469434626,0.46380332739286967,0.39396185131506467
2022-08-17,0.8563179483058088,0.8573051603741151,1262105.3862947174,1.1573827179342686,1.082986677263027
2022-08-18,0.7693264282269832,0.7009235755019754,-347997.51591928536,0.6325392105031398,0.8183751990120447
2022-08-19,0.7699330774786377,1.0264627848774035,104463.62497975212,1.008225502743489,0.8334332416413028
2022-08-22,1.0971243798365053,1.1535461112367766,-602175.8528441463,0.9578877878406784,0.8819969653557251
2022-08-23,0.913000003458337,0.9437302696484631,-240022.9696924137,1.0367853502134938,1.089397218218032
2022-08-24,1.0109870446373668,1.3403311232012989,447510.13529431587,1.2229715489550692,1.0293338199850455
2022-08-25,1.5545410058158229,1.1676011852784143,1591635.9023103036,1.4609653556358397,1.4463568232095865
2022-08-26,0.8056546412472558,0.5954708848791235,-348078.58430918027,0.6672341241197328,0.6438792760271115
2022-08-29,0.8218105940808131,1.0877219097854978,386989.5919774368,0.9929490499142233,0.8958671883826517
2022-08-30,1.089628046747002,1.2918876589961537,-100376.56821209006,1.1273954643069253,1.1815561577907667
2022-08-31,0.9975912732895154,0.6783538445538033,-643414.0540990685,1.1873328580305227,1.0004487523558847
2022-09-01,0.5280766275402833,0.4828965297228409,87186.54091823939,0.21989179138419068,0.2656701187715518
2022-09-02,0.8050769563856086,0.961056316165295,113952.6608898677,0.9660008471841532,0.7360821535700097
2022-09-06,0.827956073828549,1.0924900611634625,657025.0349940544,1.070399780384201,1.112948885936202
2022-09-07,0.8876198709230598,0.46323174616707075,-877613.4580626779,0.6344189337032553,0.7936429605324422
2022-09-08,0.7022281888198378,0.899535590888294,-405598.2667421561,0.6803848522928115,0.8394534934512565
2022-09-09,0.8890670592321364,1.1554324535191736,1776023.1776306094,1.1988884624902276,0.8278444273590857
2022-09-12,1.5644370146024729,2.1393878706845877,3534215.356677871,2.371405023853633,1.7578653836564815
2022-09-13,1.4174427275621753,0.9039868205399868,-1483137.7697847602,1.3154731161510957,1.3873980781852202
2022-09-14,0.8453603879796612,0.5709507511611642,-1404552.513585574,0.5916239098925953,0.6685162666256845
2022-09-15,0.7274071196065233,0.9753345989578541,188626.76378093683,0.7278484085930783,0.7162571006224718
2022-09-16,0.9671617696422059,0.5570115208189046,-674368.7837834831,0.9971139354585477,0.9240526797534656
2022-09-19,0.9016250699866966,0.16359734486333632,-210029.5129914526,0.4780172046954885,0.29549748750605076
2022-09-20,-0.14923751645309746,0.11921491436168186,199528.4896007625,-0.23562821952963997,0.09159572737980248
2022-09-21,1.4413669104525866,3.0937429578298445,32443138.391759485,3.227840321022642,1.4092257105734465
2022-09-22,2.1534596918537083,2.635803594119336,-5716714.4827195,2.270362755269005,2.3846820776487085
2022-09-23,2.75161438368837,2.3600237222268703,-1798364.7137358924,2.4711006890081624,2.790642050191507
2022-09-26,2.207440222088609,4.08060573371168,18125845.284264132,4.907146898091984,2.108384429770492
2022-09-27,4.097778587389685,2.6287530730259245,-6923511.708103146,2.2865045980015815,3.642599177378438
2022-09-28,2.221998895435144,0.7222451443306586,-3448741.825972909,1.8183746910490601,1.2152676544706402
2022-09-29,0.9150626845970535,1.873243024162802,-4080947.8691711277,0.9142117523900772,1.6394547188177189
2022-09-30,2.097094902287104,1.5199811785637056,-2687359.339182143,1.5724128163811422,1.3758227913983845
2022-10-03,0.7598974950414341,0.6776649024440999,-1738597.9940159535,0.6577956416499262,1.2605502242875986
2022-10-04,0.7366027149465282,0.9116029619025383,-41242.93275500927,0.7107356275374155,0.8719340385971783
2022-10-05,1.0766322764791703,1.1661191904583799,-1871739.37495914,1.1291232111952638,1.2602493499796026
2022-10-06,1.3193657713494389,0.8599018523386484,-1405002.81789073,1.0923018696255369,1.0351873250126093
2022-10-07,0.6349710662885304,0.914110677190541,-1511365.250856751,0.7798407116308415,0.9141808277338015
2022-10-10,1.0952417293895742,2.41079427185762,2079880.4623063132,2.1193869382662207,1.3359127064005314
2022-10-11,2.6372899648517425,1.7530897361373334,598435.8004960981,2.1898648267950094,2.4760057771550983
2022-10-12,1.6159321679363572,1.6891698518079785,336437.7357124374,1.7880351716927336,1.760604732844385
2022-10-13,1.6912830374081622,1.7492308379747712,-1875660.9894652762,1.3831341767997802,1.680431777606092
2022-10-14,1.6274841138413336,0.391269124264257,-207364.22937503736,1.490012717312851,0.7275079544222578
2022-10-17,0.4204353253307165,0.09500899315271738,1769020.2682281588,0.04274781038818709,-0.06358883439917484
2022-10-18,-0.12545665814037044,0.6663818495140799,-1645943.344951477,0.2882995732357596,0.3831525169781784
2022-10-19,1.3322620702183023,1.1474770330611275,-1219632.4793273956,1.1969845407813295,1.4062920548857427
2022-10-20,0.6797980920834519,1.7237389834264825,1361345.2528658197,1.5898162335820274,0.9103714004704404
2022-10-21,1.8269189544568754,2.8840523266710925,2331739.5828259024,2.5778670132970998,2.074559780090455
2022-10-24,3.1281714025045915,1.3271613740155654,2106990.3524581417,2.0476266951979696,2.2979877722965867
2022-10-25,1.0111567221357127,1.3400864527152745,-3034950.48097698,0.9932090191561631,1.4627779876448201
2022-10-26,1.5829964371735574,2.072901565997178,-878040.849515344,1.9038445468345984,1.8312655198298788
2022-10-27,1.9600839098328144,1.1582196085540168,-922100.411699821,1.737811761518989,1.6470615117212617
2022-10-28,1.4018710613256058,1.6982730475387946,-186010.72148417286,1.7297282507727907,1.556519689105615
2022-10-31,1.4752967356105682,1.5823364741717736,-1101496.95215526,1.1744538234646296,1.5860914949716598
2022-11-01,1.8798558775049212,1.829065013542694,1292928.441127833,1.783602029283374,1.7428392697230475
2022-11-02,1.574691185246957,1.6234605700773912,-1232350.2339574415,1.5047275873931714,1.598080810120445
2022-11-03,1.7987927604801506,1.6636270844635614,927032.3377418506,2.021671217139682,1.7385748719639
2022-11-04,1.8459555300172141,1.9259267060330956,-1416710.0625621865,1.664101072726531,2.03221599487944
2022-11-07,1.673583755938333,2.481100222651465,2051779.3640893358,2.5289300890218076,1.7655529557083884
2022-11-08,2.1062086950987258,0.7347835773737064,673263.8247401742,1.6046901230463835,1.2233059156038735
2022-11-09,1.222719891612389,1.700259485530509,-141795.70995235955,1.2373934759476732,1.693692808387084
2022-11-10,1.5327083259622647,0.14212950297825167,753176.6275356011,1.0519057185510992,0.24599696156535344
2022-11-11,-0.10566785913287724,0.8762147644949021,-2003696.7319388753,0.14027369839065074,0.7290916433889247
2022-11-14,0.566730000359799,0.8436341449106433,-949310.8906339133,0.50725625400006,0.7745724988797438
2022-11-15,1.7461663798638973,2.219366058468438,2353452.3057307987,2.0996833170181706,2.0053957654600563
2022-11-16,2.505802529986827,1.1434108957688895,-923635.6226574802,2.0041565759235738,1.6285583530270813
2022-11-17,1.1300405303925167,1.254929754764028,-668093.6828068469,1.4030040450208432,1.4894253289510289
2022-11-18,0.8313118451539996,0.7516897647250005,-1301006.7404448744,0.6881605645676174,0.7175745477577049
2022-11-21,0.7577473723339665,0.7818482062055363,-598488.603221043,0.6244649749623541,0.833803713869159
2022-11-22,1.1565212659217998,1.9492279408178383,1209786.0283287144,1.55128765149027,1.5173687691159792
2022-11-23,1.3283728975516311,1.1622193242980128,-965161.7501606471,1.0967824425319854,1.3229580803419925
2022-11-25,1.5557531373717772,1.1048300778018643,-82069.92556142993,1.600897035624346,1.3717455473065776
2022-11-28,0.9665297296775268,1.2565951638860113,293555.90285803797,0.9705885116933093,0.9681941557187628
2022-11-29,1.3824557562914634,0.7310669733701367,648992.5014338382,1.5490652858342138,0.5873071869225068
2022-11-30,0.4177610742562212,-0.05354204641372107,-401720.96970253624,-0.03467992606225323,0.3402203273409885
2022-12-01,0.48361007696648173,0.371509767905879,-585017.4063068614,0.5181828864896811,0.5217686178804257
2022-12-02,0.5081893959122095,0.834651696489427,-242196.0930670912,0.41704281348281746,0.5731726050822008
2022-12-05,0.14531537013183282,0.47068145917862125,408017.4646723836,0.0759410200130457,0.10246300393265173
2022-12-06,0.5680066199212082,0.5985474809113889,-10411.85735568311,0.5843960520536573,0.6932941373142736
2022-12-07,0.5148934285666797,0.1405272322263329,-211231.6084285744,0.3043612863076408,0.5104774039205129
2022-12-08,0.17378869614839765,-0.20983335174789453,4094081.4458061657,0.0602627085503844,-0.11981959027539268
2022-12-09,-0.4227123255828147,-1.466346360555125,1717842.4629954654,-0.29116075074304604,-1.4163699597951425
2022-12-12,-1.1797537041236161,-0.5615631784334543,-620475.3227947284,-1.134931540316881,-0.5608646521693261
2022-12-13,-0.38014104445649366,0.4497269621646076,234673.54096346116,0.18099296523837083,0.10331856140145312
2022-12-14,0.02922279767150826,0.10983337869147292,-2130067.8106925883,-0.14803693523421124,0.3034781284514594
2022-12-15,0.5589601389460483,0.9311879006742316,625911.7395376647,0.9450816721552595,0.7715198494017805
2022-12-16,0.7475393961609331,0.7355725292528241,-1131372.7604304967,0.41267750409529924,0.45287077111355956
2022-12-19,0.7322851474240828,0.4629988450076912,-617655.3459460658,0.7781837718362414,0.5633520938290904
2022-12-20,0.5059365361995578,0.7638082737081309,-268369.39930510405,0.5239473500399221,0.7239247559804554
2022-12-21,0.6936998274044246,0.3088787746683881,572942.3487656501,0.6138821373778747,0.5672447888829311
2022-12-22,0.32876237174849976,0.8749817562462852,-726486.0293851164,0.4667385155121888,0.5543778449211381
2022-12-23,0.6987033665697897,0.6784983412366206,539748.3936476284,0.5788789556084346,0.7500182078512445
2022-12-27,0.650127573324685,0.31362523187173075,-127331.98694086587,0.4827342150456886,0.3472898372420783
2022-12-28,0.4070765077351286,1.051827374819979,325967.3105127502,0.9485267653617928,0.7649454002389664
2022-12-29,0.9537631597249376,1.828322795871749,2848299.7714874023,2.209431027836919,1.008310733469445
2022-12-30,1.6022180140761133,1.60898558209559,-1148927.4223103728,1.2626518266891225,1.5793187719808834
2023-01-03,2.223455519642137,1.2506012319581536,-234128.3895073603,1.6798301441397587,1.6515407979435022
2023-01-04,1.0726884904244631,1.8031941377915874,-334049.7712449394,1.4605727514370432,1.5939194886078738
2023-01-05,2.192256726456735,1.9055521482209663,422636.6825340623,1.922657386199715,2.125852403294001
2023-01-06,1.4338897760592975,1.8964637430615916,390533.234168821,1.6292536290296358,1.582796462947229
2023-01-09,1.3432038549669372,1.6432710202160337,-707567.0008336324,1.5833780727384674,1.3811524174063408
2023-01-10,2.325023420243774,1.6382674829830481,-27697.653785045026,1.8337507221734075,1.894036303482153
2023-01-11,1.037949116099341,1.447257238747893,-1101137.8271463104,1.3909750883870675,1.4267541713984286
2023-01-12,1.6116901542960722,1.6134455021410012,493829.61541545903,1.8264094873917642,1.690004770247965
2023-01-13,1.8680924780174895,1.2572338789952333,1341673.6063402847,1.9454463914050457,1.5935927653725148
2023-01-17,1.096750728256298,1.6731342299128418,-445858.46706186794,1.1073223870887876,1.2797630317625242
2023-01-18,1.8472295030651065,1.174745931318208,-307778.12462827284,1.8603670112754767,1.5346418986571795
2023-01-19,1.3015969547972386,1.1414997647335348,-926950.8852617149,0.8646819663931815,1.4070290243177102
2023-01-20,1.101583128726741,2.5697531325876355,2590281.09530255,2.2345301179783643,1.389696019921372
2023-01-23,2.4231278981501436,2.019687849852975,-724536.8129208018,1.9917856510732523,2.303917446302787
2023-01-24,1.7334936759537296,1.409903072911053,-286153.2613504082,1.386133886912738,1.6682629403699352
2023-01-25,1.6934708304271382,0.9570193926546029,1249007.9481413742,1.3017367685665313,1.0458638073189643
2023-01-26,0.8074050309919336,0.8099432137457452,448203.9902976076,0.7720846770839636,0.3655695639872363
2023-01-27,0.7596819352264177,0.2552323623868382,-119859.6765769124,0.518078126462516,0.45362537988751406
2023-01-30,0.09598881712097729,0.7287293290224319,3493379.0841224366,1.2858829499494657,0.6443876734719929
2023-01-31,0.8152801953364932,0.21199686101540927,2167578.9388943496,0.23468407570802263,0.4409434887044821
2023-02-01,0.40722025725038513,0.3256947258739924,-3274436.671961231,0.43483357995594396,0.5674467358236477
2023-02-02,0.518481225167255,0.6099331996926924,-1430473.8286760594,0.22666416282896584,0.4868376947841089
2023-02-03,0.435714683242038,1.045625807265285,-1017500.9272482737,0.6243085880289438,0.8383121536387428
2023-02-06,1.0503018138619016,1.048132746238247,298507.9986840049,1.0136089931198597,1.1944478111380938
2023-02-07,1.3445121106624782,0.8951135803246579,-559704.3741031254,1.1069565562492176,1.172708371791888
2023-02-08,0.8625971296570594,1.0040277700037983,-946445.6320576612,0.8148895641183387,1.047674147314229
2023-02-09,0.7747379859436485,1.05326821007543,250934.20133109367,0.9983276229945961,0.8198278059051862
2023-02-10,0.6431992378524285,0.31036181834782006,252698.652319954,0.3516200900635642,0.24508456742083773
2023-02-13,0.8962157702072115,1.171388443457781,-391139.64023398026,1.0637401702273213,1.301176760459736
2023-02-14,0.8858916900416229,1.9767930801920297,898475.2533833687,1.7620716530004845,1.0005038207358403
2023-02-15,2.2178955663298687,2.025827180366182,117865.22690708772,1.989594328376148,2.2796538353630105
2023-02-16,2.4391387118926993,1.3994879782795948,-683676.7833651551,1.9181671320535791,1.7310293250298692
2023-02-17,1.488703196942165,2.329410955988399,467224.29900038126,1.9287466973730272,1.9802590779351004
2023-02-21,2.086243449032832,1.111226843439514,-41599.94019895932,2.18256772878547,1.5996986540863638
2023-02-22,1.0428279960981808,1.7802294429082188,-789762.0762867294,1.3007474141188382,1.3483538708170162
2023-02-23,1.6215709357494585,2.389538156302642,1135000.6297050444,2.043715408627854,1.860974249957815
2023-02-24,2.774368694477877,2.239136831862808,624517.7139529174,2.7882186148859063,2.7863638173721785
2023-02-27,1.68104182824033,0.3414606313615778,-7355.038686235435,1.211891500825665,0.6007707566556828
2023-02-28,0.6914786796395624,0.5258265491236251,-36764.32793626073,0.5570736871551532,0.7112195959427421
2023-03-01,0.6003289376094951,1.165622442259993,-39875.113870516885,0.3789492266065846,0.8829362877497804
2023-03-02,1.2139937439104571,0.9189853802737176,-749505.256340627,1.1032081955424822,1.2345662999897655
2023-03-03,0.6912902193907797,1.1682805961211127,-694670.5547962198,0.7924034623730254,0.998470421855572
2023-03-06,1.6303101077393531,0.6104106899488091,-21621.706448134733,1.4128182591925995,0.7268305395696615
2023-03-07,0.9225392028376813,1.5892218955523685,-89463.77065304643,1.1426547990442568,1.5505795852093982
2023-03-08,1.3854788478040785,1.9849299756320882,1057980.9326067183,1.737243788724511,1.6874960728954207
2023-03-09,1.5871207155205163,1.142763634002728,382165.3415769674,1.2217306775926549,1.4945389519517427
2023-03-10,0.563734122775843,-0.2487469553071655,1086490.2272150791,0.2758604231850441,-0.229679039988671
2023-03-13,1.9427579473609704,4.277979800879313,7545674.476428094,4.008854310728291,2.262698207945899
2023-03-14,3.575626895378335,3.2954858260556072,-851762.0893477816,3.0967531463509204,3.7998972718949062
2023-03-15,3.1043711475092657,2.2920700686997186,-1252268.98611341,2.3434037996657686,1.7282265521490814
2023-03-16,1.658729414859664,2.2997380815405215,269813.6566231339,2.3964954445088527,2.0877725603681085
2023-03-17,2.4825396337202736,1.5517314101232387,1174967.0172482696,2.310535186511352,2.369213384548482
2023-03-20,1.8212062373575915,0.6298949838172323,-859208.9593554144,1.4832727763756512,0.9820127394069615
2023-03-21,0.1659352666779732,1.4381687631657414,-1513542.247193951,0.5483197516573348,1.0035627391698156
2023-03-22,1.1142113125896138,0.8963607661960928,-1114448.3379600863,0.7122422380352962,1.287821301486673
2023-03-23,0.9399623702748556,0.7662458497540268,133.3150627296418,1.0218759279665939,1.0953072909537287
2023-03-24,0.6673681874759989,1.3642544064675999,1340571.9548400738,1.242901050031989,0.7469202254055247
2023-03-27,1.6783904389712916,1.310553698474564,61355.13683765847,1.019317243840078,1.4518327192482356
2023-03-28,0.777946739312311,1.4363601549491758,172642.80663825385,1.6342945277946725,1.0625770209825998
2023-03-29,1.490879355300132,0.9875387610035524,-804417.235862928,1.1571666276030026,1.1617877314684986
2023-03-30,1.4149389840999422,1.4921753464765075,-191367.28394119302,1.2112687932489283,1.714019486452603
2023-03-31,1.4020543523997784,3.177592424318213,2567459.476290796,2.8468930483840715,1.6792733315037243
2023-04-03,3.4095894812545815,1.4708427868653864,-489962.55919193337,2.368009152204154,2.2285189681554627
2023-04-04,1.2801216431470177,3.1952973479424642,2145856.342459983,2.748196931359203,2.1007755882075507
2023-04-05,3.420679571572478,2.8793532077988786,1127020.3616446303,3.306962180028247,3.7028139821469086
2023-04-06,2.393343443556418,3.0520388414101216,-692286.072571462,3.0348526815328984,2.31366702085084
2023-04-10,3.1043735135847434,2.870373040323541,-982994.3760052829,2.355714795049174,2.8913286276797177
2023-04-11,3.008430698096147,2.849806646460298,-205505.56081462954,2.99714848387206,3.33323327019772
2023-04-12,3.0631329074789555,2.8174206108889237,-860984.5955930569,2.649266797170668,2.865515061395646
2023-04-13,2.411420855964476,2.417389742989034,-80422.89034519438,2.259959146241181,2.5433206786651628
2023-04-14,2.4128046215590686,2.0687558155415857,-422539.2777661537,2.2028764522613447,2.1077692534589474
2023-04-17,1.5992303381384367,1.726019416824661,-301046.99965194054,1.60849339689846,1.7782766437521822
2023-04-18,1.8833559287219153,1.496814376128608,136550.7841259814,1.9314521924368204,1.6196194846702987
2023-04-19,1.4561406236063092,2.162015363733696,-496904.92127209366,1.915479050007999,1.8199763565664675
2023-04-20,2.0445405022928025,1.3088753995300237,-159422.17368414626,1.6433985305413437,1.6838042521527896
2023-04-21,1.4010932741095061,1.1080354309263072,1011527.3504651466,1.1583029532475138,0.9485454480149045
2023-04-24,1.4759311386412115,0.6579685368495589,-172321.91075049853,1.154733677891418,0.7552771919524872
2023-04-25,0.5357399362423241,0.012899831365853487,2672053.933016507,0.33024096101587475,0.3010961654649478
2023-04-26,-0.08945269703720626,0.07305260979126516,-1747924.0861296246,-0.21759107070872474,0.3229549292862508
2023-04-27,0.01317937277623571,0.3065734156335864,41290.93010836677,-0.04424660421803317,-0.01172726111864364
2023-04-28,0.5249876132988458,0.2926556737148438,-856835.2042388809,0.7710632122517289,0.6714846029138819
2023-05-01,-0.19181640841233616,-0.5846164480072531,530963.2243281393,-0.3824173324608111,-0.45043079459118296
2023-05-02,-0.04754814740922164,0.432526040662113,-592528.4482206888,-0.08317158618329223,0.181913551540978
2023-05-03,0.12844938250172433,0.2604380499937289,-243902.01218166878,0.09760484514385759,0.3928863725067142
2023-05-04,0.11933295655937215,-0.02132424235593433,-420878.1226545839,0.6465720931504837,0.10466675187200636
2023-05-05,0.6169919748605235,0.869736669631445,-464686.4576887428,0.36096752739329396,0.6372558690987766
2023-05-08,0.49134726191623734,1.1315079028359651,900371.0264151881,1.4548357147967543,0.8289386766017284
2023-05-09,1.547003237740551,1.37770017325348,-38823.57798565389,1.2012289441599222,1.5422299283232181
2023-05-10,1.13779982152964,0.789929277510117,-361090.64041018323,1.0471913225487643,0.9561752551409626
2023-05-11,0.4856905775891107,-0.1872637760569429,505523.2631637999,0.24839249403505548,-0.05585353976001173
2023-05-12,0.17328795721416768,0.8878150902592505,-137443.09236683184,0.17056229025885017,0.4003909202225895
2023-05-15,0.1891105398975501,-1.7096113181864094,5433505.303732663,0.03762907274456495,-1.340247449605343
2023-05-16,-1.6625636804941823,-0.1012007571400595,-2032614.8878166415,-1.2662585555103085,-0.6061615792998385
2023-05-17,-0.21377261082307442,0.5934717901165847,-336956.5535959301,0.22345163608331653,0.13230861752704826
2023-05-18,0.6857612023679138,0.27216717184991346,-412040.56358178705,0.7746156633611339,0.902564365013788
2023-05-19,0.6139808540106912,0.37462987267717907,-750675.3280523659,0.36308947340432063,0.36932423295136907
2023-05-22,0.30564138035730437,-0.2547114427293291,-319694.2253857672,-0.10835526911244919,-0.04535917291981484
2023-05-23,-0.21600029307770896,-0.9358120505889058,1424181.9047143466,-0.4718571377117584,-0.7935963885286448
2023-05-24,-0.7518554318316273,0.5411844484694281,458156.6325133722,-0.08843353188855119,-0.2004528277847033
2023-05-25,0.12008065777207833,0.49810492862182265,-579664.4170364952,0.3175960050659654,0.5169222216618135
2023-05-26,0.4138252754546379,-0.12486481688701723,-686915.6094929052,-0.06855212086184714,0.24681565379270332
2023-05-30,0.11342784926464411,-0.1429406665126205,296550.29010736896,0.22469468608627352,0.12758515663824355
2023-05-31,-0.23264073639443694,-0.04662645008753863,925077.0567818291,-0.38256488042205206,-0.3272464719227912
2023-06-01,-0.23817939703697633,-0.29566720667373403,-1082991.3208852299,-0.17893117763344968,-0.06508719269091934
2023-06-02,0.15095056176303245,0.7554029278519412,388245.67506736843,0.775547887894815,0.4443858787238444
2023-06-05,0.3502550921966492,-0.29579023330014564,-199740.2273143332,-0.22276308184392768,-0.03960934023380247
2023-06-06,-0.10812467199405518,-0.0008365111409318615,1090100.039080485,-0.16293640576792612,-0.27194602600136086
2023-06-07,0.3098111113929072,0.10650124662844007,-181578.50700984872,0.14183554615850902,0.1287346847384292
2023-06-08,0.27966496576643074,0.32124201629892823,146774.80512654223,0.0797200008835226,0.23536588233829647
2023-06-09,0.27858112669984614,0.7291977816755324,56537.80336574768,0.5213690984242163,0.5851892654900954
2023-06-12,0.46926693851217394,0.12339660420549237,2829703.4389509065,0.27676924095334776,0.4079268428897791
2023-06-13,3.440798890819881,2.525908612709001,3226399.6264551366,3.6801914030285836,2.6638413721026613
2023-06-14,1.234158784557689,2.555683765887675,-113937.9095642441,1.8642760285835198,1.8885564212683246
2023-06-15,2.0269460785972147,0.7744985748132986,-726480.8345707878,1.4516770980664653,0.8274060678096653
2023-06-16,0.7123604617718389,1.7288848884506116,-728814.6823907646,1.4222635021835028,1.6819265734518165
2023-06-20,1.5686312456232212,1.0933131507274272,-1023611.7946537384,0.9863454990808105,1.3598775527167763
2023-06-21,0.9613984595143208,0.4961030284647112,-599626.5984009844,0.9315182183901367,0.6733449491984445
2023-06-22,0.43744112738927576,0.7847129431449886,-390566.343631512,0.3169414461006763,0.7388109062873465
2023-06-23,0.4982789675624506,0.4497549382654089,-507802.6667105057,0.5088816324850196,0.5819421721826821
2023-06-26,1.5542530367588938,1.6751485694684085,926136.1413199476,1.7223047587020517,1.7759468570875612
2023-06-27,1.1674882788256156,1.458531988920786,334000.28210964566,1.4542777546634298,1.3525402608046626
2023-06-28,0.6141364021007298,0.2070736679085261,3403146.399484505,0.12485552959280177,-0.44460490441898237
2023-06-29,0.5900672922562542,2.3640717404773355,-760697.1272521834,1.9600842559766072,1.3709185780929047
2023-06-30,2.055209370164137,2.3686975269035333,503795.7564850282,2.3579732675653275,2.3105447346513976
2023-07-03,2.1459533602697043,0.4786834627096166,-535172.7831390013,1.4658717554012082,1.2797449061058614
2023-07-05,0.916076687343752,1.3026267125715698,-1078182.8750752283,0.7502057406692799,1.3981330691258531
2023-07-06,1.1119484784855374,1.0486002122621976,-1805397.9678496448,0.8725571755879393,1.3206836511100821
2023-07-07,0.9404049072155161,1.3979090709050066,146553.53346075816,1.189594441135469,0.9523688570953315
2023-07-10,1.6894295976597338,1.459590550142698,1074261.906844317,1.6725069934177768,1.6447024922656244
2023-07-11,1.4142155370750231,1.6933628304564294,459051.12230129447,1.5950569565709216,1.7327934577304802
2023-07-12,1.2853621467618215,-0.5062772354845002,2871907.615154698,1.0445337423809757,-0.34102613396864356
2023-07-13,-0.2754437455791141,1.826740592880224,-948869.0781910927,0.7439216552877195,0.6517679178062448
2023-07-14,1.6841751072345392,1.1926222045320074,-880500.4956584636,1.206594708121349,1.7443252952878332
2023-07-17,1.1166435649738258,0.5959523959256714,-388696.14956662315,0.608331691135545,0.7826120632643097
2023-07-18,0.9500328700913077,0.42054451705778817,-635811.8311696058,0.8411455193414099,0.7725305698005975
2023-07-19,0.1680875978635754,0.5795367280080761,-179027.03979578614,0.24769988440042567,0.5082596143731131
2023-07-20,0.42617538809874844,1.1419012044673273,-170509.93331769854,0.8180103115024568,0.7111114797105778
2023-07-21,1.0577926863657705,0.9801583930106048,61894.125119194156,0.9881623446466605,1.195242414439754
2023-07-24,1.0410920777893242,0.6876936004080711,326858.75486047636,0.6220977921566853,0.8168699767828969
2023-07-25,0.8832951073486939,1.7569248707406029,668871.5689482801,1.5482974146867434,0.8589712850673603
2023-07-26,2.267768330761468,2.339120216937703,2203046.1795694227,2.5587812862069317,2.5388017186537706
2023-07-27,2.3727502238700335,1.498380775413402,1281085.0677905958,1.7569539995627768,1.8954863242449793
