timestamp,open,high,low,close,volume
2023-12-04,30.6900,31.3500,29.9700,30.3100,9696800
2023-12-01,29.0000,30.9000,28.3443,30.8900,10366189
2023-11-30,30.7200,30.8962,28.7600,29.1200,7884211
2023-11-29,30.2100,31.6500,29.9101,30.2000,10070561
2023-11-28,29.1800,29.7856,28.4603,29.6700,7663599
2023-11-27,28.8000,29.9000,28.2205,29.0100,8041403
2023-11-24,29.0700,29.1500,28.0100,28.8900,5339415
2023-11-22,29.3800,30.2200,28.5400,28.8000,10596298
2023-11-21,28.8900,30.2300,28.1100,28.5100,15546927
2023-11-20,29.3700,31.7000,27.3400,28.0400,21378983
2023-11-17,29.2500,29.8000,28.7700,29.3100,5581644
2023-11-16,29.5000,29.6600,28.0100,29.0300,7962272
2023-11-15,29.6700,31.8299,29.3200,29.9900,11177936
2023-11-14,29.2800,30.2895,28.7900,29.6300,12101283
2023-11-13,26.4300,27.6100,26.0400,27.6000,5096476
2023-11-10,25.9600,26.9850,25.6600,26.7200,4292359
2023-11-09,27.2300,27.6700,26.0600,26.0600,4397600
2023-11-08,27.8300,27.8800,26.6200,27.0000,3497007
2023-11-07,27.2500,28.3750,26.8050,27.6500,5754443
2023-11-06,29.1400,29.2400,26.4300,26.9800,7806150
2023-11-03,27.3100,29.3700,27.2200,28.5900,11153421
2023-11-02,25.0400,27.6300,24.9100,27.2600,12224047
2023-11-01,24.7500,24.7900,23.2700,23.9700,5566051
2023-10-31,24.6200,24.7900,23.8800,24.4000,2961225
2023-10-30,25.6100,25.7600,23.6600,24.3700,4985668
2023-10-27,26.0000,26.0400,24.5420,24.8500,3712612
2023-10-26,24.4300,25.9000,24.4300,25.3100,6013953
2023-10-25,26.2000,26.2820,24.4100,24.4300,4762305
2023-10-24,25.0000,26.4700,24.9500,26.4600,5994795
2023-10-23,23.9900,24.9900,23.3100,24.5500,4510680
2023-10-20,25.1000,25.1600,23.9500,24.3100,6501351
2023-10-19,25.9800,26.1593,25.0200,25.2300,6654736
2023-10-18,26.0000,26.3800,25.5900,25.7300,5209175
2023-10-17,24.4200,26.4600,24.3300,26.3000,7719146
2023-10-16,24.6800,25.1500,24.3500,24.7800,4479759
2023-10-13,25.0400,25.2500,24.4400,24.7500,5196762
2023-10-12,27.0000,27.0600,24.9401,25.2800,7856503
2023-10-11,27.1500,27.5000,26.3900,26.7200,10460036
2023-10-10,24.8200,27.0000,24.6600,26.7200,11077029
2023-10-09,24.0100,24.9900,23.6200,24.7100,5867438
2023-10-06,23.8000,24.9800,23.5600,24.7500,4911857
2023-10-05,23.8200,24.6500,23.5308,24.2300,3959165
2023-10-04,24.1000,24.3500,23.3700,24.1100,4534767
2023-10-03,24.3000,24.7300,23.6100,23.9700,5313625
2023-10-02,25.7200,25.8600,24.4400,24.7000,4860942
2023-09-29,25.6400,26.2244,25.1700,25.5200,6662540
2023-09-28,24.1800,25.4650,23.9000,25.1600,6096784
2023-09-27,24.0000,24.9498,23.8700,24.4200,7604778
2023-09-26,23.9500,24.4700,23.4500,23.6300,5707699
2023-09-25,24.0000,24.7300,23.8104,24.3700,6446292
2023-09-22,25.8900,26.2800,24.4500,24.5100,7584719
2023-09-21,24.9400,26.1800,24.9400,25.6500,7797584
2023-09-20,27.4200,28.0900,26.3700,26.4000,6966796
2023-09-19,26.9200,27.4300,26.3200,27.2700,6156086
2023-09-18,27.0200,27.3450,26.4180,27.1300,6722838
2023-09-15,28.0900,28.3000,27.0400,27.3600,8210997
2023-09-14,28.1100,28.6471,27.5300,28.2200,7811432
2023-09-13,28.1000,28.3282,27.3000,27.7700,7320346
2023-09-12,27.6600,30.0800,27.5418,28.1000,11535590
2023-09-11,28.1800,28.5500,27.3300,28.2200,8947805
2023-09-08,27.5200,28.6700,27.4409,28.0400,11636774
2023-09-07,27.9400,28.2000,25.5301,27.6100,26065418
2023-09-06,32.0500,32.6500,30.9000,31.4600,19546892
2023-09-05,31.2200,31.5350,29.9500,31.4300,8459202
2023-09-01,31.5900,31.7802,30.6600,31.2200,6770962
2023-08-31,31.1800,31.8400,30.7016,31.0200,9075710
2023-08-30,30.7300,31.9900,30.1048,31.4300,10623266
2023-08-29,29.0500,31.4900,28.7700,30.7800,12691205
2023-08-28,29.2500,29.7500,28.9700,29.2200,7028565
2023-08-25,28.8000,29.7600,28.1021,29.1500,11961115
2023-08-24,33.5100,33.6699,28.0000,28.8300,22970446
2023-08-23,31.6500,33.1900,30.8500,32.6000,10519170
2023-08-22,32.2900,32.7900,30.7800,31.3200,8001057
2023-08-21,31.0000,32.2200,30.6200,31.7800,10571611
2023-08-18,28.6400,30.9700,28.4752,30.5500,9412984
2023-08-17,31.5000,31.7000,29.5800,30.0100,11541205
2023-08-16,31.6800,32.5500,31.3300,31.6900,7673797
2023-08-15,33.7000,34.0570,32.2200,32.2900,9113993
2023-08-14,32.2900,33.9050,32.0500,33.9000,8163852
2023-08-11,32.5400,33.6685,31.6500,32.9400,10118983
2023-08-10,33.4000,34.5300,32.7100,33.1200,12060478
2023-08-09,35.7100,35.7750,32.4300,32.8700,16831465
2023-08-08,35.3100,36.4000,34.7100,35.9900,11502141
2023-08-07,38.0000,38.0750,34.4400,36.6500,18882248
2023-08-04,40.2000,40.6800,37.6600,37.8000,19243698
2023-08-03,39.5500,40.4590,38.7100,39.2800,13688050
2023-08-02,42.3200,42.4300,38.3600,39.8700,29427579
2023-08-01,41.2800,44.9000,40.1800,44.3700,28249063
2023-07-31,40.0000,42.1600,39.7800,42.0000,18478778
2023-07-28,39.0100,39.9900,38.3000,39.7600,15823637
2023-07-27,42.3400,43.7577,37.7612,38.2100,30001856
2023-07-26,40.0000,41.8500,39.2000,41.2200,19255293
2023-07-25,38.3000,41.2650,38.0300,40.3600,20859471
2023-07-24,38.5000,39.1800,37.2300,38.1700,11140404
2023-07-21,39.7300,40.5500,37.4100,38.0300,15828479
2023-07-20,39.8000,41.0600,38.5900,38.9700,15659896
2023-07-19,42.0000,43.0800,39.6300,40.7400,25311021
2023-07-18,38.7300,42.0500,38.4400,40.6100,25147109
2023-07-17,37.2000,40.2500,36.4500,38.7300,19596834
2023-07-14,39.6100,40.2900,37.1300,37.2300,20546501
2023-07-13,40.5000,41.6800,39.5500,39.6500,19720472
2023-07-12,42.5000,42.5200,39.3800,40.2200,23173768
2023-07-11,40.9900,42.5800,40.1100,41.4700,23278948
2023-07-10,40.0000,41.2489,37.6200,40.8000,22534524
2023-07-07,39.5600,42.1900,39.0322,39.2500,31188291
2023-07-06,39.0000,40.3800,36.1800,39.0800,29324380
2023-07-05,37.4400,40.4650,36.9300,40.1200,25266517
2023-07-03,36.9400,37.5800,35.5700,37.4800,12739705
2023-06-30,36.6100,38.3200,36.1400,36.4300,24005980
2023-06-29,36.1700,37.1100,35.0300,35.9000,23019611
2023-06-28,32.8000,36.1800,32.5600,35.4600,26407823
2023-06-27,32.6000,33.8398,31.5700,33.3700,24558865
2023-06-26,33.8100,35.4800,31.6900,31.9600,25571010
2023-06-23,36.0800,36.3900,32.6300,33.3900,32096916
2023-06-22,37.7700,39.4000,36.7900,37.4400,27094981
2023-06-21,43.7600,44.1600,37.5000,39.0400,34634633
2023-06-20,46.1900,46.8800,42.0801,43.1900,29571732
2023-06-16,48.4100,48.8700,43.4300,44.4900,41084223
2023-06-15,41.8200,48.5000,41.3500,46.3700,60058407
2023-06-14,42.3600,43.9000,40.6400,42.8400,39559146
2023-06-13,38.4000,45.2200,37.1500,43.1100,74591443
2023-06-12,37.6600,38.3300,36.0100,37.6000,22817679
2023-06-09,37.3300,39.3799,35.8100,36.9900,28428495
2023-06-08,36.2000,37.6000,35.6300,36.2200,20886451
2023-06-07,39.2600,39.3300,35.3000,36.4200,38175951
2023-06-06,35.1000,38.8500,34.6502,38.1900,50646970
2023-06-05,31.2100,35.9300,30.9000,35.3200,35706171
2023-06-02,33.6000,34.5700,30.6000,32.2600,45419615
2023-06-01,32.7600,37.2500,30.2600,34.7200,83477536
2023-05-31,41.1000,42.1400,38.0100,40.0100,72011772
2023-05-30,37.6100,44.0200,35.2000,43.9500,107615264
2023-05-26,28.7500,33.5000,28.6500,32.9400,54765399
2023-05-25,30.5000,30.6999,27.0100,28.4100,36753772
2023-05-24,27.1600,28.4300,26.2700,27.8500,19822430
2023-05-23,28.8200,29.2300,26.6400,27.1600,27567929
2023-05-22,25.4600,28.2590,25.2200,27.8700,28741855
2023-05-19,26.8100,27.7500,25.0600,25.2800,19629516
2023-05-18,27.4000,28.1499,25.8700,26.8200,31462002
2023-05-17,23.9900,27.1300,23.5700,26.9500,37992793
2023-05-16,23.5000,24.8600,22.7500,23.5600,36097855
2023-05-15,20.6800,24.3100,20.2000,23.9700,51408736
2023-05-12,20.0000,20.0150,19.0600,19.4200,4059104
2023-05-11,20.3500,20.3900,19.1600,19.8400,5578728
2023-05-10,20.2500,20.6300,19.6000,20.1800,7988423
2023-05-09,19.1700,20.1100,19.0300,19.8800,7193706
2023-05-08,18.8600,19.3400,18.2200,19.2300,6023640
2023-05-05,18.1800,18.9900,17.7801,18.7000,7635188
2023-05-04,17.4800,18.0400,17.1500,17.9200,5602925
2023-05-03,17.2000,17.9600,16.7900,17.4000,6685190
2023-05-02,18.3100,18.5200,17.0700,17.2400,8559890
2023-05-01,17.7400,18.7900,17.7100,18.6300,9151504
2023-04-28,17.4500,18.0700,16.9100,17.8200,6557304
2023-04-27,17.7000,17.9700,17.2700,17.5900,6501182
2023-04-26,18.0300,18.2499,17.3100,17.6900,8666281
2023-04-25,18.4200,18.4500,17.5000,17.6900,11403599
2023-04-24,18.4300,19.1600,17.4600,17.8500,22332927
2023-04-21,20.8000,21.0500,19.5500,20.0600,15307310
2023-04-20,22.3000,23.8200,20.6600,20.7100,21444199
2023-04-19,22.3500,22.9300,21.8600,22.7100,8800298
2023-04-18,23.2200,23.2800,22.2601,22.7600,11983229
2023-04-17,21.7300,23.0950,21.5500,22.7800,11815352
2023-04-14,22.5500,22.9500,21.4700,21.8900,13032401
2023-04-13,22.1000,23.1400,21.7200,22.2900,15605352
2023-04-12,23.4700,23.4700,21.4200,22.0400,20198667
2023-04-11,23.6900,25.1500,22.5300,22.7500,31658004
2023-04-10,22.6500,23.1000,21.5300,23.0700,21396033
2023-04-06,21.1600,23.8600,20.4000,22.8400,60417009
2023-04-05,24.0300,24.8900,20.5000,21.0900,57114843
2023-04-04,31.9100,32.0000,24.1520,24.9500,100866345
2023-04-03,33.8200,34.6800,32.2301,33.8700,49977758
2023-03-31,27.7400,33.5700,27.2100,33.5700,62877734
2023-03-30,26.3300,27.6899,26.2600,27.6300,16688681
2023-03-29,24.7000,26.0050,24.3500,25.9800,10345771
2023-03-28,25.5700,25.8254,24.1200,24.3900,7827713
2023-03-27,25.5300,26.0400,24.4300,25.4400,13105779
2023-03-24,25.5500,26.7700,24.6700,25.2700,21799817
2023-03-23,23.0000,25.9500,23.0000,24.8900,20248301
2023-03-22,23.4000,24.2100,22.4600,22.7500,13825628
2023-03-21,21.6700,23.5450,21.5501,23.2900,11732489
2023-03-20,21.4000,22.2000,21.0150,21.5800,6896398
2023-03-17,22.2600,22.3200,21.0200,21.6200,8177693
2023-03-16,21.1800,22.2380,20.5350,22.0700,10066331
2023-03-15,20.6000,21.1600,20.1600,20.8500,9062024
2023-03-14,22.3500,22.7450,20.7400,21.1000,12555159
2023-03-13,21.0000,22.5600,20.2800,21.7600,15398463
2023-03-10,22.5900,22.8700,20.7615,21.2700,15945611
2023-03-09,25.0000,25.3700,22.6200,22.7000,17554764
2023-03-08,26.1300,26.6100,24.6000,24.8200,16689836
2023-03-07,27.1700,28.3700,25.7700,26.1400,26616100
2023-03-06,28.4500,29.9800,26.7100,27.3600,50682896
2023-03-03,25.2900,28.9400,24.0300,28.4800,75575204
2023-03-02,20.5200,21.8300,20.3300,21.3100,20072158
2023-03-01,22.7900,22.9000,20.3100,20.7300,14634434
2023-02-28,22.3100,23.5600,22.0600,22.5800,14568474
2023-02-27,22.5200,22.8300,21.6450,22.1900,11575349
2023-02-24,22.2300,22.6500,21.6800,22.4100,9800903
2023-02-23,23.6700,23.7600,21.7700,22.8700,18690301
2023-02-22,21.6100,22.8600,21.3001,22.3600,14517084
2023-02-21,24.0400,25.3600,21.4150,21.6300,22200662
2023-02-17,23.5700,24.3700,22.6500,23.8400,16132166
2023-02-16,25.0400,26.7700,24.0500,24.2300,22602999
2023-02-15,23.0000,25.7000,22.8400,25.5000,26375891
2023-02-14,20.6600,23.5600,20.4100,23.3100,28135423
2023-02-13,22.9300,22.9799,20.7200,21.1400,22434819
2023-02-10,22.3100,23.5891,21.5600,22.9900,24349786
2023-02-09,27.4600,27.5000,22.3400,22.4900,37021151
2023-02-08,24.6800,28.4000,24.5000,26.1900,50828884
2023-02-07,26.5500,27.2700,23.0901,24.5300,59207845
2023-02-06,27.4600,30.9199,25.8800,27.5500,104104109
2023-02-03,21.3400,28.4800,21.1200,25.8800,71831493
2023-02-02,22.5800,23.4700,21.2800,21.9200,29316690
2023-02-01,19.9800,22.1700,19.2000,21.6800,37053125
2023-01-31,17.7100,21.3400,17.4700,19.8500,63076279
2023-01-30,17.7000,18.1100,16.2050,16.3000,11661327
2023-01-27,15.2200,18.1800,15.0900,17.7700,23663251
2023-01-26,14.9900,15.3500,14.3300,15.0800,3050121
2023-01-25,14.1000,14.6500,13.7100,14.6500,1981094
2023-01-24,14.3700,15.4200,14.1900,14.5200,2504405
2023-01-23,13.6900,14.5500,13.4500,14.5400,3462615
2023-01-20,13.2900,13.7723,13.1700,13.5400,2324575
2023-01-19,13.0200,13.2500,12.6400,13.1000,2357474
2023-01-18,13.5700,14.1700,13.1700,13.1800,2707761
2023-01-17,12.7500,13.4400,12.4300,13.3300,3040976
2023-01-13,11.8200,12.6500,11.7300,12.6500,2040849
2023-01-12,12.0000,12.0720,11.6392,12.0500,2278597
2023-01-11,11.5300,12.0000,11.4901,11.9000,2418166
2023-01-10,11.2500,11.4861,11.0800,11.3800,1600024
2023-01-09,11.1800,11.6800,11.1200,11.2300,2104650
2023-01-06,10.8500,11.0000,10.4750,10.9500,1194643
2023-01-05,11.1800,11.1800,10.8000,10.8100,1270839
2023-01-04,11.3600,11.4200,11.0700,11.3400,1356273
2023-01-03,11.4300,11.5400,10.8120,11.0700,1497538
2022-12-30,10.6400,11.2300,10.6400,11.1900,1657769
2022-12-29,10.2800,11.0300,10.2000,10.9000,2348799
2022-12-28,10.3700,10.4800,10.1600,10.2600,1684519
2022-12-27,10.7100,10.7400,10.3300,10.4000,2116523
2022-12-23,10.9400,10.9478,10.6000,10.9000,1596683
2022-12-22,11.6000,11.6000,10.6500,11.0400,2867875
2022-12-21,12.0000,12.0500,11.7000,11.7900,2181420
2022-12-20,11.9400,12.0350,11.6650,11.9000,1964899
2022-12-19,12.5900,12.7600,11.9950,12.1400,1594446
2022-12-16,12.3100,12.6650,12.1600,12.6200,3095192
2022-12-15,12.6900,12.9301,12.3700,12.4300,1702760
2022-12-14,13.1600,13.3593,12.8000,13.0400,1883697
2022-12-13,14.0700,14.1100,12.8650,13.2100,2631043
2022-12-12,12.2300,13.5600,12.2000,13.2000,3473773
2022-12-09,12.7300,13.2300,12.1800,12.2000,2113142
2022-12-08,12.0100,13.5100,11.5000,12.9000,5987223
2022-12-07,11.9400,12.5200,11.7000,11.9800,4786016
2022-12-06,12.5200,12.5900,11.8800,11.9900,1338689
2022-12-05,13.2100,13.2650,12.3200,12.5600,1224185
2022-12-02,12.9100,13.3975,12.7300,13.3200,983422
2022-12-01,12.9300,13.3500,12.8100,13.2600,1483496
2022-11-30,12.2600,13.0100,12.1350,13.0100,956236
2022-11-29,12.4500,12.5980,12.1900,12.2500,776426
2022-11-28,12.4600,12.6800,12.2700,12.3800,683669
2022-11-25,12.5700,12.7100,12.4200,12.6100,341813
2022-11-23,12.4000,12.7350,12.1500,12.6900,876326
2022-11-22,12.1600,12.4050,11.8500,12.3400,1162034
2022-11-21,12.5600,12.6200,12.0450,12.2600,1553129
2022-11-18,13.7100,13.7350,12.7186,12.7700,1235312
2022-11-17,13.2000,13.4600,12.9000,13.3600,1046364
2022-11-16,14.1700,14.1700,13.2650,13.5500,1445130
2022-11-15,14.5000,14.7900,14.2200,14.2900,1392186
2022-11-14,14.7400,14.9100,13.9200,13.9700,1353340
2022-11-11,13.6200,14.9700,13.5350,14.9600,2109591
2022-11-10,12.6500,13.8299,12.5900,13.6500,2176399
2022-11-09,12.3700,12.3700,11.7100,11.9200,1414255
2022-11-08,12.5000,13.0700,12.2600,12.6400,1302328
2022-11-07,12.1500,12.4400,11.7800,12.4300,1024837
2022-11-04,12.3700,12.5000,11.7100,12.0900,1312574
2022-11-03,12.1700,12.6311,12.1100,12.2400,1090232
2022-11-02,12.9000,12.9800,12.2450,12.3000,1293307
2022-11-01,13.4100,13.6000,12.9000,12.9200,974324
2022-10-31,13.0200,13.2700,12.8500,13.1100,984968
2022-10-28,12.7800,13.1500,12.5500,13.1400,1037070
2022-10-27,12.9900,13.2800,12.7800,12.8400,1059548
2022-10-26,12.6600,13.5687,12.4700,12.8600,2011989
2022-10-25,12.4800,12.8700,12.3800,12.7600,1920127
2022-10-24,12.5500,12.5500,12.1500,12.3200,1186420
2022-10-21,12.3500,12.6800,12.1100,12.5600,990578
2022-10-20,12.1300,12.9100,12.0600,12.4600,1142192
2022-10-19,12.3300,12.6100,12.1000,12.2000,1076782
2022-10-18,12.7900,13.0200,12.4100,12.5400,1334059
2022-10-17,12.0200,12.5300,12.0200,12.3000,1224993
2022-10-14,12.4500,12.6426,11.6900,11.7100,1181899
2022-10-13,11.5400,12.3700,11.2900,12.1700,1788533
2022-10-12,12.0800,12.2100,11.6500,11.9300,1090578
2022-10-11,12.1800,12.3200,11.8085,12.0000,2049478
2022-10-10,12.5500,12.5700,12.0911,12.1900,1419597
2022-10-07,12.9700,12.9700,12.3450,12.5400,1261796
2022-10-06,13.4800,13.8350,13.1700,13.3400,776384
2022-10-05,13.2400,13.5850,12.9300,13.4900,1017309
2022-10-04,13.2300,13.6700,13.1200,13.6000,1845750
2022-10-03,12.6000,12.9000,12.3500,12.8700,1407559
2022-09-30,12.2900,12.8900,12.2200,12.5000,1355634
2022-09-29,12.7700,12.8000,12.1400,12.3400,2090767
2022-09-28,12.9400,13.1300,12.8000,12.9600,2609790
2022-09-27,13.0500,13.3350,12.7400,12.9300,1586647
2022-09-26,13.0800,13.8000,12.7600,12.7700,1559589
2022-09-23,13.0000,13.2050,12.8100,13.1500,1605073
2022-09-22,13.3300,13.5800,13.0500,13.1400,1523438
2022-09-21,13.5500,13.9300,13.2600,13.3500,1832805
2022-09-20,13.8100,13.9700,13.4100,13.4400,2547102
2022-09-19,14.0000,14.1400,13.7000,14.0300,1877770
2022-09-16,14.4200,14.5686,14.0100,14.0300,3224971
2022-09-15,14.7800,15.1800,14.7200,14.7800,1858533
2022-09-14,14.7500,14.9800,14.2200,14.9500,1810144
2022-09-13,14.5400,15.1100,14.5100,14.7100,2116996
2022-09-12,15.1300,15.5100,15.1300,15.4100,1711190
2022-09-09,14.8900,15.3000,14.8600,15.0200,2125777
2022-09-08,14.4100,14.6972,14.1700,14.5800,2399009
2022-09-07,14.2800,14.8200,14.0400,14.6700,2541393
2022-09-06,14.4300,14.6000,14.0300,14.2900,3163255
2022-09-02,14.4200,15.1100,14.2450,14.5100,4532350
2022-09-01,15.3500,15.8600,14.0400,14.5200,12508676
2022-08-31,18.5700,18.8800,17.8600,18.0000,3719664
2022-08-30,18.9400,19.0400,18.2600,18.4100,1372162
2022-08-29,18.3400,19.1500,18.3101,18.5400,1198562
2022-08-26,19.9000,19.9299,18.6500,18.8200,1548694
2022-08-25,20.0000,20.4200,19.8200,19.8900,1375683
2022-08-24,19.3300,20.3400,19.3300,19.6600,1032220
2022-08-23,19.1600,20.0800,19.0900,19.2500,1204760
2022-08-22,19.5000,19.5000,18.7300,19.1100,1469210
2022-08-19,21.2200,21.2200,19.6400,19.8000,2595506
2022-08-18,21.9000,21.9000,21.3500,21.7300,1199700
2022-08-17,21.8100,22.2200,21.3000,21.9200,1453614
2022-08-16,22.2400,22.5800,21.6300,22.4100,1444491
2022-08-15,22.4400,23.0400,22.1500,22.3300,1467223
2022-08-12,22.5100,22.9800,22.0800,22.8100,1421956
2022-08-11,23.2200,23.5842,22.1208,22.3300,1501004
2022-08-10,22.4800,22.7400,21.9660,22.6700,1636112
2022-08-09,21.6900,21.9800,21.0300,21.3500,1403033
2022-08-08,21.3800,22.7400,21.3800,22.1700,1824719
2022-08-05,20.3200,21.6800,19.8750,21.3400,1619580
2022-08-04,20.6300,20.9900,20.3324,20.8600,1270215
2022-08-03,19.8700,20.8607,19.7600,20.6600,1415328
2022-08-02,18.4100,19.7100,18.3500,19.4700,1449206
2022-08-01,18.2500,18.9100,17.8500,18.7100,1047503
2022-07-29,18.5600,18.8750,18.1300,18.4100,1133349
2022-07-28,18.2000,18.7000,17.7000,18.5400,1173131
2022-07-27,17.9200,18.4278,17.5600,18.3100,1327612
2022-07-26,18.2200,18.2200,17.4200,17.4800,1491455
2022-07-25,18.3600,18.5200,17.8500,18.5000,1558650
2022-07-22,21.4000,21.4000,18.3800,18.5000,3673352
2022-07-21,20.4400,21.4700,20.1907,21.4600,2298593
2022-07-20,19.8300,20.8900,19.5700,20.6500,2847622
2022-07-19,19.5300,19.9100,19.2600,19.6300,1139168
2022-07-18,19.9900,20.4900,19.1800,19.3200,1282922
2022-07-15,18.9900,19.2600,18.3201,19.1200,1327860
2022-07-14,18.9200,19.1200,18.2800,18.6900,1252658
2022-07-13,18.6200,19.5900,18.2600,19.2900,1450022
2022-07-12,18.4400,19.3500,18.0100,19.3000,2364333
2022-07-11,19.7900,19.9900,18.2950,18.4200,2609628
2022-07-08,19.0000,19.9900,18.8300,19.9400,2517592
2022-07-07,19.9300,20.7600,19.4500,19.5700,4340889
2022-07-06,20.2800,20.6000,19.6550,19.8100,3587264
2022-07-05,18.9300,20.0750,18.5250,20.0600,1937485
2022-07-01,18.5200,19.2500,18.1466,19.1500,1659206
2022-06-30,17.5500,18.4200,17.2601,18.2600,2539160
2022-06-29,18.3400,18.3400,17.3300,17.8000,1466363
2022-06-28,19.1600,19.3717,18.0700,18.3100,1475046
2022-06-27,19.0100,19.4100,18.4478,19.2300,1901558
2022-06-24,19.0700,19.7400,18.6350,19.0700,9650098
2022-06-23,17.9700,19.0000,17.9400,18.9000,1796629
2022-06-22,16.9800,18.4700,16.8700,17.7500,2204963
2022-06-21,17.2500,18.1900,17.1100,17.3500,1971601
2022-06-17,16.2400,17.1350,16.1900,16.8600,2583090
2022-06-16,16.6100,16.9535,15.7100,16.0300,2556449
2022-06-15,16.8100,17.6000,16.6013,17.2000,4088998
2022-06-14,16.1600,16.7001,15.6200,16.4500,2207952
2022-06-13,17.0000,17.4900,15.8000,15.8900,3081295
2022-06-10,18.8900,19.3200,17.4700,17.8900,4001805
2022-06-09,20.4500,20.6700,19.4100,19.4400,2829724
2022-06-08,19.7400,21.5800,19.7400,20.7400,3614862
2022-06-07,18.9600,19.7400,18.5100,19.7400,2669316
2022-06-06,19.6600,19.9399,18.5500,19.1900,6811942
2022-06-03,17.5700,19.9600,17.1200,19.8400,12701126
2022-06-02,15.2000,17.8399,15.0701,17.6200,24495168
2022-06-01,19.0400,19.8000,18.5300,18.5500,4814713
2022-05-31,19.6400,20.0250,18.5000,18.9200,2594941
2022-05-27,18.6500,20.0999,18.5600,19.7300,2647490
2022-05-26,17.8200,18.7500,17.6100,18.3900,1704447
2022-05-25,16.9900,18.2500,16.9700,18.0200,1991143
2022-05-24,17.2700,17.3600,16.1000,16.9400,2168348
2022-05-23,18.1300,18.3499,17.1000,17.7800,1752190
2022-05-20,18.3700,18.8000,17.3200,18.2200,4256447
2022-05-19,16.9000,18.5500,16.7300,18.0400,2540755
2022-05-18,17.1500,18.0900,16.8400,17.1500,1546887
2022-05-17,17.3100,18.0000,16.8200,17.4900,2176312
2022-05-16,17.4000,18.2300,16.7000,16.7400,2836082
2022-05-13,15.2600,17.8200,15.2500,17.7800,6043932
2022-05-12,13.4800,15.1700,13.3700,14.5600,3606371
2022-05-11,14.7600,15.3400,13.6500,13.8500,3418585
2022-05-10,15.1400,15.5800,13.8500,14.9300,4457133
2022-05-09,15.5000,15.9000,14.6800,14.7000,3173918
2022-05-06,17.0200,17.1000,15.3282,16.1900,2619876
2022-05-05,18.1900,18.2000,16.7100,17.0800,2365868
2022-05-04,17.2000,18.5900,16.5000,18.4500,2597479
2022-05-03,17.1600,17.9700,16.9800,17.2300,2904021
2022-05-02,16.9900,18.3100,16.5600,18.1200,2504914
2022-04-29,17.7200,18.5900,16.9400,16.9900,1422543
2022-04-28,17.3900,17.9600,16.5500,17.8300,2224307
2022-04-27,17.5400,18.0899,17.0400,17.0500,2015103
2022-04-26,18.4200,18.5900,17.3500,17.6300,2086719
2022-04-25,17.7700,18.9000,17.6200,18.6900,2313469
2022-04-22,18.1100,18.6000,17.5905,17.8500,1661605
2022-04-21,19.3200,19.8000,18.1100,18.2400,1853621
2022-04-20,19.7900,19.8200,18.8100,18.9700,1587631
2022-04-19,18.9400,20.1600,18.6500,19.8100,1546485
2022-04-18,19.5400,19.5780,18.5200,18.9000,2189599
2022-04-14,20.7400,20.7400,19.5700,19.6900,2029054
2022-04-13,20.2900,21.0400,20.0100,20.7400,1634355
2022-04-12,21.0000,21.7100,20.1200,20.3700,1148486
2022-04-11,20.3700,21.0800,19.8000,20.6800,1576334
2022-04-08,20.9900,21.3400,20.4800,20.7900,1589170
2022-04-07,21.5500,22.1400,20.5500,21.2900,1867574
2022-04-06,22.2800,22.3100,20.9600,21.6300,1913495
2022-04-05,24.1900,24.2400,22.5500,22.7600,1813591
2022-04-04,23.2800,24.6200,23.2500,24.2400,2003991
2022-04-01,22.8600,23.3400,22.4100,23.0200,1377000
2022-03-31,23.0100,23.3500,22.4161,22.7000,1700295
2022-03-30,23.9300,24.2200,22.9000,23.0800,1554713
2022-03-29,22.9000,24.3900,22.8300,24.2200,2489321
2022-03-28,22.2500,22.9800,21.5100,22.5300,1552082
2022-03-25,23.2900,23.4150,21.7700,22.0800,4374470
2022-03-24,23.2700,23.7000,22.6700,23.4800,1793638
2022-03-23,22.6600,23.9000,22.3900,23.1500,1810439
2022-03-22,21.6800,23.3400,21.5300,23.2100,3019452
2022-03-21,21.5900,22.3800,21.2100,21.8100,2414399
2022-03-18,20.4100,21.9600,20.1100,21.9600,4695298
2022-03-17,19.0000,20.7700,18.7000,20.7500,3547190
2022-03-16,17.8900,19.3000,17.8100,19.3000,4216192
2022-03-15,16.6900,17.4900,16.5850,17.4700,3060389
2022-03-14,17.7900,18.3400,16.7100,16.9100,4591549
2022-03-11,20.1200,20.2900,18.0000,18.0000,5226671
2022-03-10,20.8000,20.9495,19.7100,19.9600,3538442
2022-03-09,20.4800,22.0200,20.4800,21.4000,3755183
2022-03-08,20.1200,20.9800,19.3300,19.9800,5155002
2022-03-07,20.2400,21.5700,19.6600,20.3800,5159985
2022-03-04,22.0900,22.4700,19.8310,20.0500,8865031
2022-03-03,25.3400,26.4700,22.6000,23.4400,12725592
2022-03-02,22.8000,23.0399,21.5100,22.6600,5448562
2022-03-01,22.4600,22.7436,21.6800,22.0600,1780772
2022-02-28,21.7700,22.6000,21.4400,22.4200,2575862
2022-02-25,20.9700,21.6200,20.4000,21.6100,3594376
2022-02-24,18.9500,21.9100,18.6600,21.6100,3528385
2022-02-23,20.5800,21.1548,19.8600,20.0200,2824694
2022-02-22,20.7500,21.6900,20.1200,20.4900,3461310
2022-02-18,22.3600,22.5999,20.7327,21.1900,4375860
2022-02-17,24.3900,24.5900,22.2700,22.3400,4010310
2022-02-16,24.2700,25.6200,23.9000,24.7000,4742505
2022-02-15,25.0900,25.7600,24.9100,25.7100,3231594
2022-02-14,25.0500,25.8325,24.4600,24.6000,1902977
2022-02-11,25.8400,26.5700,24.5600,25.0000,2947746
2022-02-10,26.0800,27.6200,25.7900,25.7900,3707096
2022-02-09,25.7700,26.8700,25.2400,26.7400,2397625
2022-02-08,24.6200,25.5500,24.6000,25.3900,1887363
2022-02-07,25.0900,26.2500,24.8300,25.1800,1334991
2022-02-04,24.1500,25.4400,23.7600,25.1800,1921684
2022-02-03,24.0500,24.9700,23.5700,23.8700,2820066
2022-02-02,26.9400,26.9400,24.5400,24.8800,2590494
2022-02-01,26.7200,26.8900,25.4300,26.6200,2695464
2022-01-31,23.7900,26.3600,23.7700,26.3400,3028611
2022-01-28,22.3700,23.3700,21.6700,23.3300,2936081
2022-01-27,23.9200,24.2500,22.4100,22.5400,4493591
2022-01-26,24.6200,25.6000,23.2000,23.4600,4151768
2022-01-25,24.8100,25.5727,23.8301,23.9700,3180249
2022-01-24,24.5000,25.5900,22.5600,25.5100,5953165
2022-01-21,26.0000,26.7800,25.2600,25.4500,3818113
2022-01-20,27.1900,27.9300,26.2001,26.2800,2801706
2022-01-19,26.9800,27.6600,26.4800,26.8000,2456559
2022-01-18,27.4100,28.0300,26.8800,26.9700,2706067
2022-01-14,28.0000,28.6500,27.3300,27.9800,2813617
2022-01-13,30.2400,30.3000,28.2000,28.2400,2705671
2022-01-12,30.8000,31.4800,29.5500,30.2400,2497755
2022-01-11,29.1200,30.9600,28.6900,30.4500,2736243
2022-01-10,29.3400,29.6100,27.7800,29.5400,3324392
2022-01-07,29.7100,30.9700,29.6500,29.9400,2300199
2022-01-06,29.0000,30.3700,28.3500,29.6100,2421241
2022-01-05,30.2800,31.4700,29.1200,29.3300,3635542
2022-01-04,32.3500,32.3500,29.4000,30.8200,5147573
2022-01-03,31.4900,32.3600,30.4300,32.3000,2773932
2021-12-31,32.3200,33.4000,31.1900,31.2500,3061763
2021-12-30,31.2900,33.2050,31.1500,32.5800,2787246
2021-12-29,32.3600,32.8900,31.2800,31.4600,2479713
2021-12-28,33.1300,33.8399,32.1352,32.3900,2183333
2021-12-27,33.9300,34.4899,32.9600,33.2000,2670804
2021-12-23,33.3000,34.5500,33.0600,34.2500,2713695
2021-12-22,33.1900,34.4700,32.9500,33.4400,2275285
2021-12-21,32.3800,33.7040,32.3400,33.6400,2789864
2021-12-20,31.0200,32.2900,30.7000,31.8200,2603470
2021-12-17,31.4000,32.9800,30.3800,31.8100,6653626
2021-12-16,35.0300,35.1394,31.3200,31.5400,7096784
2021-12-15,31.9000,35.2500,31.8100,35.0100,9608116
2021-12-14,31.8500,32.9150,30.5700,31.1800,4836026
2021-12-13,32.8800,34.1500,31.4700,32.3500,4383596
2021-12-10,36.1500,36.3300,32.7403,33.6400,17724985
2021-12-09,33.4000,33.9900,31.7200,32.0900,4746329
2021-12-08,32.2000,34.8100,31.8000,33.9900,4977493
2021-12-07,31.4200,32.7700,31.4200,32.0300,5358849
2021-12-06,29.0300,31.0700,27.6400,30.2500,4570831
2021-12-03,29.5800,29.9400,27.8000,29.7500,7616489
2021-12-02,31.5100,32.0000,27.5200,30.0400,19251615
2021-12-01,37.4000,38.1500,33.7300,33.8300,4711054
2021-11-30,37.2900,38.7700,35.8000,36.9600,2852264
2021-11-29,39.3000,39.3580,36.5200,37.8500,2276596
2021-11-26,37.0200,39.1800,37.0000,38.3800,1605033
2021-11-24,36.9700,38.3000,36.2053,38.0300,2480017
2021-11-23,37.0000,38.4500,36.3300,37.2800,3263252
2021-11-22,39.7100,39.9500,36.6500,37.5800,4476590
2021-11-19,40.9000,41.0600,39.3340,39.9100,4670147
2021-11-18,46.0000,46.0390,40.2200,40.9400,7329054
2021-11-17,48.2100,48.3200,45.8800,46.1800,2241242
2021-11-16,48.0000,48.6000,46.4000,48.4700,3132297
2021-11-15,50.2500,51.6486,47.7800,48.2800,4927860
2021-11-12,46.1000,47.4000,45.7600,47.2700,2138584
2021-11-11,47.5500,47.6800,45.7500,45.8200,2422824
2021-11-10,49.9000,51.6699,45.5100,46.0600,4870454
2021-11-09,50.0900,53.8200,48.9100,50.8400,5685577
2021-11-08,48.2500,49.9400,48.1900,49.2900,1345597
2021-11-05,49.1700,51.3200,47.7500,48.3100,2129231
2021-11-04,49.6100,50.0100,48.5000,48.8300,2284030
2021-11-03,45.4800,49.8500,45.1800,49.5000,4034804
2021-11-02,45.0000,45.7700,44.4438,45.7600,2149890
2021-11-01,45.3600,45.5100,43.7800,44.6600,2196554
2021-10-29,44.5000,45.7000,44.1900,45.1200,1462767
2021-10-28,44.0000,45.0000,43.7200,44.6300,1140227
2021-10-27,45.8200,46.4200,43.6300,43.9100,1912615
2021-10-26,46.2500,48.3300,45.5300,45.5600,2330789
2021-10-25,46.0600,46.3501,45.5652,45.9600,1145202
2021-10-22,47.2000,47.2000,45.5800,45.6100,1003654
2021-10-21,47.0200,48.2900,46.9001,47.4800,1090981
2021-10-20,47.7100,48.0500,46.8000,47.4300,1465823
2021-10-19,46.2200,47.9400,45.9550,47.7500,1756164
2021-10-18,45.2900,46.6200,45.0400,45.9000,1501063
2021-10-15,46.7000,47.0800,45.1400,45.3000,1738179
2021-10-14,47.0000,47.3300,46.2400,46.6300,1409846
2021-10-13,45.4300,46.8850,45.0000,46.7600,1956904
2021-10-12,44.4300,45.4400,44.3200,45.0400,1461416
2021-10-11,43.9000,45.2300,43.6500,44.2900,1010794
2021-10-08,45.3800,45.9800,44.2200,44.2400,1450129
2021-10-07,44.2600,45.6969,44.1700,44.9900,1205652
2021-10-06,43.0000,44.5000,42.8100,44.4400,1201611
2021-10-05,43.2000,44.6000,42.7000,43.8500,2231417
2021-10-04,45.2900,45.4399,43.0400,43.1400,2739852
2021-10-01,46.5400,46.8100,44.6000,45.8900,2115875
2021-09-30,45.4700,46.5900,45.1100,46.3400,1975393
2021-09-29,47.0100,47.4900,45.3500,45.3900,2564407
2021-09-28,49.0000,49.0400,46.3100,46.3100,3191657
2021-09-27,49.5300,50.5900,49.3500,49.4400,2102440
2021-09-24,49.4900,49.9900,48.7600,49.4800,1582066
2021-09-23,48.5500,50.2800,48.1500,49.6600,2834137
2021-09-22,47.4300,47.9899,47.1160,47.7600,1712897
2021-09-21,47.5000,48.2000,46.7800,46.7800,2892732
2021-09-20,49.8500,50.0000,46.5600,47.0600,3943924
2021-09-17,49.7300,51.3200,49.6200,50.1200,6862677
2021-09-16,49.7600,51.1500,49.7300,49.8400,3197890
2021-09-15,48.4700,51.1500,47.8400,49.6800,4504534
2021-09-14,48.8100,49.8700,48.1400,48.5000,2393845
2021-09-13,50.2900,50.6400,48.0400,49.0500,3491869
2021-09-10,51.0100,51.9800,50.0100,50.0200,2236578
2021-09-09,50.3500,52.0100,50.0640,50.6400,2807841
2021-09-08,51.1000,51.7499,49.2900,50.6000,2235247
2021-09-07,50.5000,52.2900,50.3000,51.4700,4045035
2021-09-03,47.8100,51.9400,47.8000,50.6100,7058611
2021-09-02,48.4000,49.5000,47.0210,47.6700,11586577
2021-09-01,53.1050,55.5800,52.3700,53.1100,8992958
2021-08-31,51.9500,51.9800,50.2400,51.5400,2578243
2021-08-30,50.9300,52.6700,50.5000,51.2500,2472468
2021-08-27,49.6000,51.3600,49.3700,50.5800,1898850
2021-08-26,49.6900,51.3790,49.3200,49.4100,1651210
2021-08-25,49.9100,50.4400,48.9010,49.7000,1733741
2021-08-24,47.5000,50.2500,47.3592,49.7200,2410470
2021-08-23,46.1000,46.9369,45.0800,46.6400,2499094
2021-08-20,44.7500,46.1400,44.7000,45.5100,2498189
2021-08-19,45.2800,45.8000,44.3500,44.7900,2122906
2021-08-18,46.2000,46.8999,44.7300,46.0800,2304432
2021-08-17,45.9900,46.0400,44.7800,45.9400,2824538
2021-08-16,49.0000,49.1800,45.9000,46.6200,3163576
2021-08-13,51.0600,51.1800,49.1800,49.3800,2228111
2021-08-12,50.7200,51.7500,50.3700,51.4400,982641
2021-08-11,51.5900,51.6300,49.8100,51.0000,1201964
2021-08-10,51.0400,52.1950,50.5100,50.8000,1297129
2021-08-09,48.7500,51.3700,48.7000,50.7000,2003927
2021-08-06,49.3900,49.8799,48.1500,48.8300,2032143
2021-08-05,49.0000,50.1300,48.2700,49.4100,1988924
2021-08-04,49.4100,51.0900,48.9000,49.1400,1914186
2021-08-03,50.1000,50.1000,48.4000,49.8000,2979146
2021-08-02,50.4500,51.3700,49.8594,50.0600,1985848
2021-07-30,51.3200,51.8540,50.1000,50.3500,1332137
2021-07-29,52.9800,53.3700,51.6400,51.6700,1158858
2021-07-28,51.3300,53.2999,51.1700,52.7900,1714558
2021-07-27,51.1000,51.6300,49.2100,50.9100,1810706
2021-07-26,51.4600,52.8200,50.4100,51.5000,1623937
2021-07-23,53.1400,53.2900,51.1100,51.3600,1500771
2021-07-22,54.2300,54.5000,52.5700,53.0800,1211839
2021-07-21,53.6000,54.6407,53.2000,54.0300,1653403
2021-07-20,51.8500,53.4600,50.9600,53.1500,1952376
2021-07-19,50.0000,51.5300,48.9500,51.2100,2603623
2021-07-16,52.3700,52.7700,50.1000,50.6400,4020693
2021-07-15,51.9900,53.4399,50.1700,52.2400,3245663
2021-07-14,55.6000,55.7000,51.2326,51.4400,5225169
2021-07-13,57.0000,57.3300,54.9500,55.1200,2532583
2021-07-12,59.0100,59.1799,56.3400,57.5100,2813441
2021-07-09,58.6100,59.2800,57.3550,59.1900,1728187
2021-07-08,57.1000,58.5000,55.6000,58.5000,1931412
2021-07-07,60.0000,60.2300,57.2500,58.4100,2566863
2021-07-06,60.8400,61.8000,59.2000,59.9900,2169041
2021-07-02,63.7100,64.5000,60.5100,60.5300,2498975
2021-07-01,62.5900,64.4400,61.7000,63.8000,2977982
2021-06-30,64.0300,65.9800,62.2100,62.5300,5190149
2021-06-29,66.5500,67.3700,63.8300,64.4200,3442216
2021-06-28,64.5000,67.3800,64.4800,66.4100,5028654
2021-06-25,62.5000,64.9500,62.3900,64.1500,6705803
2021-06-24,62.1700,63.1400,61.5500,61.8800,3630520
2021-06-23,60.2900,61.8300,59.8000,61.6500,2494957
2021-06-22,57.8300,60.7400,57.6100,60.4900,2928447
2021-06-21,59.0100,59.5700,57.2500,57.8900,3090686
2021-06-18,59.4900,60.5000,58.3200,59.1800,2593100
2021-06-17,57.5700,60.2200,57.2000,59.9000,2840870
2021-06-16,57.0900,58.7500,56.0300,57.9000,3417208
2021-06-15,59.7600,60.3698,56.9000,57.2500,3961631
2021-06-14,61.4000,62.5498,59.4700,60.0000,3910639
2021-06-11,58.3000,60.6300,58.2000,60.5500,3067088
2021-06-10,62.6700,62.6700,57.8000,58.0800,8241387
2021-06-09,64.5100,66.7300,62.0300,62.1000,4415261
2021-06-08,61.1400,65.4999,60.5100,63.2900,8504930
2021-06-07,62.5600,62.8000,58.7800,60.9100,12238345
2021-06-04,67.3100,67.9800,64.3300,64.4300,3889637
2021-06-03,68.0000,70.3000,64.5500,68.2600,6582325
2021-06-02,70.2000,76.8500,69.3000,76.1500,9468719
2021-06-01,62.5000,73.1500,62.5000,71.7600,7995459
2021-05-28,63.4000,65.1990,61.5850,61.7100,1539810
2021-05-27,61.0800,63.8800,58.9614,63.2000,2247231
2021-05-26,58.3000,61.4900,58.1000,61.4300,1304139
2021-05-25,60.8200,60.9500,57.2500,57.8800,1514714
2021-05-24,61.7400,62.0900,58.6800,59.5900,1429003
2021-05-21,58.9500,62.1595,57.7500,61.1800,2462500
2021-05-20,58.9000,59.6900,57.1000,57.9000,1398444
2021-05-19,54.9300,58.2000,54.1200,56.9200,1616178
2021-05-18,54.1100,59.0000,53.6800,57.4400,2972446
2021-05-17,51.9400,53.6900,51.2600,53.2500,1297583
2021-05-14,50.0500,52.4200,48.5450,51.9400,1795257
2021-05-13,52.0300,53.4899,47.2200,48.8900,2941607
2021-05-12,53.2600,54.5799,51.1000,51.5900,1745162
2021-05-11,50.0000,54.9300,50.0000,54.7500,2735140
2021-05-10,56.5000,56.5000,53.2100,53.6500,2434295
2021-05-07,57.7000,60.6500,56.0100,56.3500,2570894
2021-05-06,58.1000,58.8800,55.1050,56.3400,2729672
2021-05-05,60.0000,60.2500,57.9000,58.7400,1751667
2021-05-04,60.5000,60.7000,57.5765,59.2500,4276701
2021-05-03,66.3400,66.3453,60.8000,61.5900,3487543
2021-04-30,64.2600,68.3596,64.2000,66.2600,1685828
2021-04-29,72.3200,72.5300,65.8000,66.7000,3501283
2021-04-28,70.5500,73.2000,69.5500,71.8400,1830452
2021-04-27,73.3800,73.4700,70.3250,70.9100,2410028
2021-04-26,70.0500,72.7500,68.0500,72.4900,3064820
2021-04-23,67.3000,70.6500,67.2500,69.3300,2953264
2021-04-22,66.3500,70.3300,64.8000,67.1600,4347384
2021-04-21,60.2000,66.5700,59.3210,66.5100,2802875
2021-04-20,62.1100,63.7900,59.4000,60.8600,2683066
2021-04-19,66.3500,68.7500,61.1500,62.1000,4496651
2021-04-16,65.8400,67.1600,63.2100,66.7900,3002109
2021-04-15,70.1000,71.9200,65.1100,66.5000,6228011
2021-04-14,64.9500,73.7000,64.7500,68.4600,11734302
2021-04-13,59.9700,63.3800,59.3100,63.0100,3306552
2021-04-12,60.8700,61.7400,58.8001,59.8900,3125452
2021-04-09,62.0700,62.3000,60.0600,61.0300,4351080
2021-04-08,63.8000,65.3500,62.1500,63.3500,3586694
2021-04-07,68.1900,68.4600,62.7000,63.2000,4999213
2021-04-06,67.5000,69.7700,66.8000,68.7900,1654685
2021-04-05,71.0000,71.7000,67.5100,68.4100,2535571
2021-04-01,69.2500,71.1599,67.3950,68.9000,3566776
2021-03-31,65.3300,68.9000,65.0000,65.9100,3636630
2021-03-30,61.6300,63.5900,59.7500,63.0900,2691833
2021-03-29,64.6900,65.3400,61.6700,62.0100,2633463
2021-03-26,67.3600,67.9900,61.0900,64.7000,3228568
2021-03-25,62.0000,69.6250,61.5101,66.8900,5336194
2021-03-24,70.7900,71.0100,64.5000,64.5200,6053813
2021-03-23,75.0000,75.4900,70.1200,70.5100,4878935
2021-03-22,75.1500,77.8700,73.0300,75.0600,5220138
2021-03-19,75.5000,76.0900,72.3000,74.5200,5721856
2021-03-18,79.0000,80.9600,75.2501,75.8100,4931349
2021-03-17,80.1000,83.4899,79.2100,80.5600,4708060
2021-03-16,87.0000,88.4199,82.1500,83.0000,3713651
2021-03-15,91.7500,91.7500,85.8000,86.7700,5358303
2021-03-12,85.4800,90.9100,82.9300,90.0000,5840268
2021-03-11,86.6700,88.4000,85.5000,86.4700,4508431
2021-03-10,89.0000,89.8200,82.8500,84.5600,4668786
2021-03-09,85.0000,88.5800,83.0000,84.9100,9344671
2021-03-08,88.0100,93.0000,82.8500,83.6100,9279374
2021-03-05,89.4400,98.1000,77.0000,95.1500,7156218
2021-03-04,92.0000,95.5600,83.0400,88.5100,5947432
2021-03-03,99.4100,101.4600,91.1100,93.3200,5514012
2021-03-02,106.9000,109.5400,97.5001,98.5000,12374678
2021-03-01,116.1900,121.8800,115.0000,121.0500,3528776
2021-02-26,116.1000,117.9399,109.5000,112.4600,2483285
2021-02-25,123.9600,127.3099,112.7300,114.3100,3907649
2021-02-24,122.0100,125.3200,118.3400,122.5300,2179804
2021-02-23,121.2500,123.0000,110.1900,121.1200,3834552
2021-02-22,132.9900,134.0000,125.7300,126.2200,2230694
2021-02-19,134.7700,138.7900,133.1550,134.5400,1863708
2021-02-18,136.7000,137.3948,131.0000,133.5600,3081705
2021-02-17,146.0100,147.0000,136.7000,140.0600,3045874
2021-02-16,155.4000,157.5000,145.4500,147.1700,3084368
2021-02-12,158.8600,160.8800,152.0300,153.7300,1620235
2021-02-11,162.8600,167.7899,154.6000,156.5600,1548478
2021-02-10,170.2000,176.9399,156.3200,161.4500,3078968
2021-02-09,151.9900,172.9900,151.9900,168.9200,4488991
2021-02-08,150.0000,151.9000,145.8000,150.8000,2018280
2021-02-05,155.0700,155.8999,144.4100,146.6000,2403567
2021-02-04,147.5000,158.2700,147.5000,154.3700,3292554
2021-02-03,149.9300,149.9920,143.6300,147.0500,1975275
2021-02-02,149.0000,155.2999,145.6200,146.8800,3914617
2021-02-01,140.6900,142.3000,133.5800,137.7500,1530802
2021-01-29,146.0000,147.6400,136.7101,139.6000,1714925
2021-01-28,149.9100,154.0300,139.4900,148.0000,2169943
2021-01-27,139.0800,160.4300,134.0323,149.0900,4602322
2021-01-26,144.6100,148.3900,138.1100,141.4300,2955894
2021-01-25,127.6000,151.0000,127.3600,147.8300,7569169
2021-01-22,127.0000,127.9900,122.8200,126.5700,3622035
2021-01-21,133.5000,134.4499,128.1500,130.0100,1624000
2021-01-20,129.1200,131.8500,123.4800,131.3800,2655059
2021-01-19,136.0000,137.7899,126.4000,126.8300,2620104
2021-01-15,142.0000,142.4900,132.6000,134.1500,1547613
2021-01-14,145.8200,151.8396,137.2000,138.5000,3634516
2021-01-13,134.0000,145.0000,134.0000,143.1400,3192417
2021-01-12,138.3000,138.4405,127.5400,133.9800,3096951
2021-01-11,136.0000,142.2574,133.0100,135.6200,2522363
2021-01-08,135.9200,147.5000,135.6000,143.6300,6311199
2021-01-07,117.9800,137.0000,115.9000,133.5800,6855606
2021-01-06,119.0400,119.2000,112.0500,113.4000,5773657
2021-01-05,119.5000,128.1265,117.5000,122.1700,3777179
2021-01-04,131.1400,131.2050,119.0600,120.0100,5138645
2020-12-31,144.1000,144.1000,136.5120,138.7500,2319781
2020-12-30,141.6500,151.5000,141.0000,146.8400,5013807
2020-12-29,146.3100,146.3900,135.0000,139.7800,5199779
2020-12-28,168.6800,168.7975,143.1300,145.8800,6113005
2020-12-24,168.0000,172.5000,156.8700,161.0000,4381663
2020-12-23,166.9000,183.9000,151.5801,161.0600,10874503
2020-12-22,170.5300,179.0000,163.3000,177.4700,8309626
2020-12-21,142.0135,168.7700,141.0000,160.8900,11590622
2020-12-18,116.6700,145.0000,115.0900,137.5900,8506516
2020-12-17,118.4400,121.0000,115.4500,117.2400,3422627
2020-12-16,105.0000,116.7100,104.0000,113.6900,5406197
2020-12-15,104.5700,109.8900,98.1000,102.0000,5724126
2020-12-14,122.1600,123.8300,100.6600,102.3600,8214031
2020-12-11,123.8200,133.0000,116.0000,119.5800,11776522
2020-12-10,99.4800,131.7455,96.0000,130.0000,22865686
2020-12-09,100.0000,115.0000,90.0300,92.4900,24805639
