Date,Open,High,Low,Close,Adj Close,Volume,MA_33,MA_89,MA_233
2021-05-20,22.1200008392334,22.739999771118164,19.989999771118164,20.200000762939453,20.200000762939453,43594000,,,
2021-05-21,22.200000762939453,23.25,21.399999618530277,22.459999084472656,22.459999084472656,16954200,,,
2021-05-24,22.61000061035156,22.920000076293945,20.57999992370605,20.729999542236328,20.729999542236328,7580000,,,
2021-05-25,21.13500022888184,21.420000076293945,20.11000061035156,21.200000762939453,21.200000762939453,5137400,,,
2021-05-26,21.56999969482422,21.8700008392334,20.989999771118164,21.6200008392334,21.6200008392334,2520900,,,
2021-05-27,22.381999969482425,23.270000457763672,21.799999237060547,22.1200008392334,22.1200008392334,4867100,,,
2021-05-28,23.13500022888184,23.75,22.600000381469727,23.709999084472656,23.709999084472656,3247900,,,
2021-06-01,25.100000381469727,26.600000381469727,24.549999237060547,25.149999618530277,25.149999618530277,6703700,,,
2021-06-02,26.03400039672852,26.03400039672852,23.649999618530277,23.809999465942383,23.809999465942383,2961800,,,
2021-06-03,24.290000915527344,24.489999771118164,23.475000381469727,23.8799991607666,23.8799991607666,1404200,,,
2021-06-04,24.01000022888184,24.32999992370605,23.700000762939453,23.82999992370605,23.82999992370605,1764500,,,
2021-06-07,24.290000915527344,25.3700008392334,24.100000381469727,25.0,25.0,2435300,,,
2021-06-08,25.040000915527344,27.190000534057617,25.040000915527344,26.989999771118164,26.989999771118164,3229600,,,
2021-06-09,27.420000076293945,27.440000534057617,25.549999237060547,26.309999465942383,26.309999465942383,2842000,,,
2021-06-10,26.5,26.920000076293945,25.59000015258789,26.649999618530277,26.649999618530277,1380600,,,
2021-06-11,27.0,28.729999542236328,26.5,28.729999542236328,28.729999542236328,3666400,,,
2021-06-14,28.86000061035156,29.0,26.38999938964844,27.3700008392334,27.3700008392334,4358100,,,
2021-06-15,27.743000030517575,27.87700080871582,27.100000381469727,27.81999969482422,27.81999969482422,2038800,,,
2021-06-16,28.0,29.0,27.200000762939453,27.489999771118164,27.489999771118164,2357300,,,
2021-06-17,27.799999237060547,28.299999237060547,25.6299991607666,26.729999542236328,26.729999542236328,3733800,,,
2021-06-18,26.26000022888184,26.729999542236328,25.26000022888184,26.0,26.0,2416000,,,
2021-06-21,26.0,26.559999465942383,25.520000457763672,26.32999992370605,26.32999992370605,1535000,,,
2021-06-22,26.299999237060547,26.5,25.51000022888184,25.799999237060547,25.799999237060547,1419700,,,
2021-06-23,26.202999114990234,26.71999931335449,25.71999931335449,25.84000015258789,25.84000015258789,1675300,,,
2021-06-24,25.940000534057617,26.649999618530277,24.309999465942383,24.809999465942383,24.809999465942383,3164800,,,
2021-06-25,24.850000381469727,24.950000762939453,23.299999237060547,24.399999618530277,24.399999618530277,2575600,,,
2021-06-28,24.670000076293945,25.34000015258789,24.34000015258789,25.299999237060547,25.299999237060547,2000700,,,
2021-06-29,25.709999084472656,26.59000015258789,25.63999938964844,25.75,25.75,2678800,,,
2021-06-30,25.76499938964844,25.93000030517578,24.270000457763672,24.459999084472656,24.459999084472656,2184100,,,
2021-07-01,24.649999618530277,24.739999771118164,23.270000457763672,23.399999618530277,23.399999618530277,2749100,,,
2021-07-02,23.56999969482422,23.88999938964844,22.975000381469727,23.09000015258789,23.09000015258789,2632400,,,
2021-07-06,23.424999237060547,23.5,21.709999084472656,22.209999084472656,22.209999084472656,3756600,,,
2021-07-07,22.299999237060547,22.768999099731445,22.030000686645508,22.450000762939453,22.450000762939453,1937800,24.595151323260684,,
2021-07-08,21.32999992370605,23.549999237060547,21.209999084472656,23.440000534057617,23.440000534057617,2575600,24.693333134506688,,
2021-07-09,23.57999992370605,23.649999618530277,22.76099967956543,23.0,23.0,1120200,24.709696798613578,,
2021-07-12,23.170000076293945,23.170000076293945,21.93000030517578,22.420000076293945,22.420000076293945,1574200,24.760908936009262,,
2021-07-13,22.5,22.540000915527344,21.1200008392334,21.1299991607666,21.1299991607666,2296700,24.75878767533736,,
2021-07-14,20.184999465942383,20.96999931335449,19.6200008392334,20.540000915527344,20.540000915527344,8467300,24.726060404922023,,
2021-07-15,20.0,20.36000061035156,18.18000030517578,19.479999542236328,19.479999542236328,6174800,24.646060365619082,,
2021-07-16,19.31999969482422,20.06999969482422,18.905000686645508,19.280000686645508,19.280000686645508,2394400,24.51181798992735,,
2021-07-19,19.01000022888184,19.709999084472656,18.625,19.68000030517578,19.68000030517578,1558600,24.346060434977215,,
2021-07-20,19.729999542236328,20.07999992370605,18.899999618530277,19.450000762939453,19.450000762939453,2193300,24.21393926215894,,
2021-07-21,19.809999465942383,19.8799991607666,18.350000381469727,18.8700008392334,18.8700008392334,3301200,24.06212113120339,,
2021-07-22,19.01000022888184,19.1200008392334,18.520000457763672,19.040000915527344,19.040000915527344,1005000,23.916969646107066,,
2021-07-23,19.170000076293945,19.200000762939453,18.3700008392334,18.46999931335449,18.46999931335449,1524900,23.71909083742084,,
2021-07-26,18.56999969482422,18.780000686645508,18.059999465942383,18.649999618530277,18.649999618530277,1486400,23.46636356006969,,
2021-07-27,18.75,18.75,17.040000915527344,17.5,17.5,3317300,23.19939387928356,,
2021-07-28,17.700000762939453,18.334999084472656,17.5,18.1200008392334,18.1200008392334,1441500,22.940909067789715,,
2021-07-29,18.190000534057617,18.459999084472656,17.68000030517578,18.290000915527344,18.290000915527344,1469100,22.624545473040957,,
2021-07-30,18.100000381469727,18.3700008392334,17.5,17.75,17.75,1865500,22.33303029609449,,
2021-08-02,17.989999771118164,18.850000381469727,17.56999969482422,18.5,18.5,1647800,22.050606062918,,
2021-08-03,18.690000534057617,18.690000534057617,18.1299991607666,18.450000762939453,18.450000762939453,726800,21.776666699033797,,
2021-08-04,18.350000381469727,18.75,17.850000381469727,18.040000915527344,18.040000915527344,1967900,21.51333340731534,,
2021-08-05,18.0,18.3799991607666,18.0,18.190000534057617,18.190000534057617,852600,21.27666675683224,,
2021-08-06,18.450000762939453,18.670000076293945,18.31999969482422,18.46999931335449,18.46999931335449,891000,21.038484920154918,,
2021-08-09,18.76300048828125,19.190000534057617,18.325000762939453,19.1200008392334,19.1200008392334,974800,20.836060726281367,,
2021-08-10,19.350000381469727,19.86000061035156,19.024999618530277,19.06999969482422,19.06999969482422,1634100,20.630909197258227,,
2021-08-11,19.020000457763672,19.190000534057617,17.290000915527344,17.40999984741211,17.40999984741211,2798000,20.406666784575492,,
2021-08-12,17.709999084472656,17.770000457763672,16.8700008392334,16.989999771118164,16.989999771118164,2974500,20.182121334653914,,
2021-08-13,16.90999984741211,17.128000259399414,16.700000762939453,16.8700008392334,16.8700008392334,2762600,19.92666683775006,,
2021-08-16,17.812999725341797,18.34000015258789,16.27199935913086,16.43000030517578,16.43000030517578,4800400,19.644242604573567,,
2021-08-17,16.469999313354492,16.5,14.869999885559082,15.93000030517578,15.93000030517578,6447100,19.385757793079723,,
2021-08-18,15.949999809265137,16.100000381469727,15.09000015258789,15.15999984741211,15.15999984741211,2810400,19.136060830318566,,
2021-08-19,15.40999984741211,16.520000457763672,14.9399995803833,15.739999771118164,15.739999771118164,3625200,18.913333546031605,,
2021-08-20,15.829999923706056,16.15999984741211,15.470000267028809,15.630000114440918,15.630000114440918,2398600,18.713939637848824,,
2021-08-23,15.699999809265137,16.3799991607666,15.529999732971191,16.190000534057617,16.190000534057617,2026100,18.524242661216043,,
2021-08-24,16.399999618530273,18.15999984741211,16.290000915527344,17.399999618530273,17.399999618530273,4071700,18.341212330442488,,
2021-08-25,17.5,17.90999984741211,17.020000457763672,17.690000534057617,17.690000534057617,2202100,18.18030325571696,,
2021-08-26,17.799999237060547,18.040000915527344,17.549999237060547,17.850000381469727,17.850000381469727,976900,18.041818416479863,,
2021-08-27,17.760000228881836,18.395000457763672,17.450000762939453,18.299999237060547,18.299999237060547,1294500,17.956060843034223,,
2021-08-30,18.709999084472656,18.90999984741211,18.07999992370605,18.809999465942383,18.809999465942383,1423100,17.903636556683164,,
2021-08-31,19.0,19.13999938964844,17.799999237060547,18.21999931335449,18.21999931335449,2136400,17.865454731565535,,
2021-09-01,18.170000076293945,18.274999618530277,17.635000228881836,17.829999923706055,17.829999923706055,1326400,17.82151531450676,,
2021-09-02,17.84000015258789,17.979999542236328,17.520000457763672,17.65999984741211,17.65999984741211,907400,17.760303179423016,,
2021-09-03,17.5,17.530000686645508,16.549999237060547,16.84000015258789,16.84000015258789,2435300,17.6812122518366,,
2021-09-07,17.0,17.329999923706055,16.850000381469727,17.15999984741211,17.15999984741211,750200,17.62939403996323,,
2021-09-08,17.1200008392334,17.18000030517578,16.15999984741211,16.889999389648438,16.889999389648438,1959300,17.56424247857296,,
2021-09-09,16.739999771118164,16.969999313354492,16.360000610351562,16.489999771118164,16.489999771118164,985100,17.504242492444586,,
2021-09-10,16.86400032043457,17.860000610351562,16.68000030517578,17.450000762939453,17.450000762939453,2262900,17.467878890760016,,
2021-09-13,17.899999618530273,18.549999237060547,17.799999237060547,17.8700008392334,17.8700008392334,2332600,17.479091037403453,,
2021-09-14,18.06999969482422,18.38999938964844,16.84000015258789,16.93000030517578,16.93000030517578,2165600,17.443030415159285,,
2021-09-15,16.700000762939453,17.229999542236328,16.520000457763672,16.969999313354492,16.969999313354492,1967000,17.40303036660859,,
2021-09-16,17.0,17.040000915527344,16.0,16.309999465942383,16.309999465942383,1772300,17.359393986788664,,
2021-09-17,16.209999084472656,16.6299991607666,16.020000457763672,16.270000457763672,16.270000457763672,4133100,17.29181824308453,,
2021-09-20,16.049999237060547,16.229000091552734,15.640000343322754,16.049999237060547,16.049999237060547,2809200,17.219090924118504,,
2021-09-21,16.079999923706055,16.954999923706055,15.90999984741211,16.479999542236328,16.479999542236328,2245900,17.1718181552309,,
2021-09-22,16.56999969482422,17.079999923706055,16.190000534057617,16.479999542236328,16.479999542236328,2430200,17.119999943357527,,
2021-09-23,16.649999618530273,17.15999984741211,16.549999237060547,16.6200008392334,16.6200008392334,2003600,17.063939383535676,,
2021-09-24,16.559999465942383,16.979999542236328,16.229999542236328,16.299999237060547,16.299999237060547,1104800,16.978484789530437,20.42483144395807,
2021-09-27,16.469999313354492,16.559999465942383,16.010000228881836,16.030000686645508,16.030000686645508,1464700,16.886363607464414,20.377977510516562,
2021-09-28,15.829999923706056,16.209999084472656,15.69499969482422,15.90999984741211,15.90999984741211,1921200,16.84090906200987,20.30438201347094,
2021-09-29,15.960000038146973,16.079999923706055,14.800000190734863,15.109999656677246,15.109999656677246,3755400,16.783939361572266,20.24123594734106,
2021-09-30,15.199999809265137,15.65999984741211,14.960000038146973,15.119999885559082,15.119999885559082,2206900,16.730909029642742,20.172921330741282,
2021-10-01,15.210000038146973,15.260000228881836,14.300000190734863,14.75,14.75,3181700,16.6799999294859,20.095730310075737,
2021-10-04,14.789999961853027,14.8100004196167,13.75,13.8100004196167,13.8100004196167,4457500,16.615757508711383,20.00235951884409,
2021-10-05,13.81999969482422,14.34000015258789,13.579999923706056,13.630000114440918,13.630000114440918,4148200,16.569393880439527,19.889101103450475,
2021-10-06,13.579999923706056,13.68000030517578,12.84000015258789,13.5,13.5,3568300,16.50151509949655,19.758202231332156,
2021-10-07,13.739999771118164,14.949999809265137,13.449999809265137,14.729999542236328,14.729999542236328,7725800,16.474242354884293,19.65617976027928,
2021-10-08,15.760000228881836,16.1299991607666,14.579999923706056,14.600000381469728,14.600000381469728,6694500,16.426060532078598,19.5519101110737,
2021-10-11,14.34000015258789,14.56999969482422,13.973999977111816,14.149999618530272,14.149999618530272,2608300,16.32757568359375,19.443146062700936,
2021-10-12,14.300000190734863,14.41800022125244,13.859999656677246,14.1899995803833,14.1899995803833,1887300,16.221515048633922,19.32168538382884,
2021-10-13,14.130000114440918,14.460000038146973,14.079999923706056,14.329999923706056,14.329999923706056,1473600,16.11484836809563,19.17943819453207,
2021-10-14,14.65999984741211,14.93000030517578,14.399999618530272,14.869999885559082,14.869999885559082,1710200,16.010908993807707,19.050898873404172,
2021-10-15,15.0,15.04800033569336,14.470000267028809,14.510000228881836,14.510000228881836,1888000,15.880605986624053,18.91449438588003,
2021-10-18,14.489999771118164,14.520000457763672,13.937999725341797,14.279999732971191,14.279999732971191,1807500,15.761212059945771,18.752134837461323,
2021-10-19,14.449999809265137,14.694000244140623,14.15999984741211,14.630000114440918,14.630000114440918,1844000,15.664242368755918,18.608988761901855,
2021-10-20,14.65999984741211,14.989999771118164,14.479999542236328,14.510000228881836,14.510000228881836,1496000,15.568787834861062,18.45943820610475,
2021-10-21,14.470000267028809,14.600000381469728,13.984999656677246,14.170000076293944,14.170000076293944,1406600,15.487878741640033,18.309775288185378,
2021-10-22,13.81999969482422,14.32900047302246,13.720000267028809,14.010000228881836,14.010000228881836,2224800,15.392424207745176,18.16685394758589,
2021-10-25,14.06999969482422,14.390000343322754,14.010000228881836,14.170000076293944,14.170000076293944,1678100,15.309999986128373,18.033932600128516,
2021-10-26,14.279999732971191,14.350000381469728,13.65999984741211,13.890000343322754,13.890000343322754,1516700,15.231212124680027,17.894157323944434,
2021-10-27,13.81999969482422,13.890000343322754,12.960000038146973,12.989999771118164,12.989999771118164,3329100,15.096060579473322,17.750224745675418,
2021-10-28,13.06999969482422,13.4399995803833,12.890000343322754,13.329999923706056,13.329999923706056,3578000,14.958484794154312,17.609662945350905,
2021-10-29,13.399999618530272,13.43000030517578,12.854999542236328,12.890000343322754,12.890000343322754,1955900,14.836060552886039,17.47573037093945,
2021-11-01,12.960000038146973,13.449999809265137,12.890000343322754,13.1899995803833,13.1899995803833,2527000,14.721515106432365,17.349775314331055,
2021-11-02,13.369999885559082,13.369999885559082,12.630000114440918,12.829999923706056,12.829999923706056,2532800,14.616060574849447,17.20966296249561,
2021-11-03,12.949999809265137,13.720000267028809,12.760000228881836,13.670000076293944,13.670000076293944,5482700,14.537272684501879,17.073932626274196,
2021-11-04,13.720000267028809,13.9399995803833,13.079999923706056,13.1899995803833,13.1899995803833,2776400,14.450606028238932,16.947303418363077,
2021-11-05,13.270000457763672,13.640000343322754,12.770000457763672,13.149999618530272,13.149999618530272,1945000,14.34969693964178,16.832134879037234,
2021-11-08,13.079999923706056,13.130000114440918,12.529999732971191,12.670000076293944,12.670000076293944,3951100,14.234242410370797,16.715056226494607,
2021-11-09,12.609999656677246,12.90999984741211,12.43000030517578,12.899999618530272,12.899999618530272,2780500,14.121515100652521,16.61044949092222,
2021-11-10,12.880000114440918,12.989999771118164,12.329999923706056,12.359999656677246,12.359999656677246,3097500,14.00212117397424,16.497078691975453,
2021-11-11,12.449999809265137,12.470000267028809,11.229999542236328,11.300000190734863,11.300000190734863,10650700,13.85878782561331,16.36067419373587,
2021-11-12,11.489999771118164,11.90999984741211,11.131999969482422,11.81999969482422,11.81999969482422,8028800,13.734848427050041,16.23505621277884,
2021-11-15,9.545000076293944,9.949999809265137,9.050000190734863,9.359999656677246,9.359999656677246,30028100,13.560606002807617,16.08831463503034,
2021-11-16,9.350000381469728,10.449999809265137,9.199999809265137,10.18000030517578,10.18000030517578,15887200,13.410909045826305,15.965280940023701,
2021-11-17,10.25,10.550000190734863,9.25,9.4399995803833,9.4399995803833,9710600,13.249999942201557,15.840561823898486,
2021-11-18,10.03499984741211,10.210000038146973,9.720000267028809,9.869999885559082,9.869999885559082,9663200,13.130605986624053,15.732584299666158,
2021-11-19,9.920000076293944,10.760000228881836,9.670000076293944,10.050000190734863,10.050000190734863,8355900,13.022121140451143,15.628876428925588,
2021-11-22,10.0,10.039999961853027,9.0600004196167,9.199999809265137,9.199999809265137,9181300,12.891818104368268,15.511123614364795,
2021-11-23,9.380000114440918,9.654999732971191,9.020000457763672,9.520000457763672,9.520000457763672,5020900,12.733939344232732,15.39955057722799,
2021-11-24,9.449999809265137,10.0,9.390000343322754,9.8100004196167,9.8100004196167,3584300,12.588787830237186,15.297752819704206,
2021-11-26,9.699999809265137,10.229999542236328,9.4399995803833,9.670000076293944,9.670000076293944,2986300,12.453030268351236,15.192471911398213,
2021-11-29,9.770000457763672,9.800000190734863,9.137999534606934,9.3100004196167,9.3100004196167,4277800,12.305151505903764,15.089550575513519,
2021-11-30,9.083999633789062,9.170000076293944,8.321000099182129,8.949999809265137,8.949999809265137,8461800,12.142121199405555,14.980561813611663,
2021-12-01,9.020000457763672,9.0600004196167,8.369999885559082,8.399999618530273,8.399999618530273,5941300,11.946060585253166,14.878314618314251,
2021-12-02,8.329999923706055,8.520000457763672,8.062999725341797,8.229999542236328,8.229999542236328,7793100,11.755757534142697,14.767191008235631,
2021-12-03,8.329999923706055,8.420000076293945,7.829999923706055,8.0,8.0,7222700,11.56545451193145,14.651573020420717,
2021-12-06,8.149999618530273,8.199999809265137,7.550000190734863,8.029999732971191,8.029999732971191,7314700,11.36545450037176,14.542359534274325,
2021-12-07,8.130000114440918,9.039999961853027,8.130000114440918,8.770000457763672,8.770000457763672,6247900,11.19151511336818,14.43303369672111,
2021-12-08,8.829999923706055,9.210000038146973,8.5,8.800000190734863,8.800000190734863,5082500,11.028787844108813,14.32460672399971,
2021-12-09,8.600000381469727,8.8100004196167,8.4399995803833,8.630000114440918,8.630000114440918,2243800,10.865757537610603,14.218876377920086,
2021-12-10,8.529999732971191,8.694999694824219,8.3100004196167,8.5,8.5,2791200,10.693939353480484,14.109999967425058,
2021-12-13,8.369999885559082,8.479999542236328,8.029999732971191,8.1899995803833,8.1899995803833,2974400,10.521212057633834,13.994494352447852,
2021-12-14,8.079999923706055,8.4399995803833,7.929999828338623,8.199999809265137,8.199999809265137,4793500,10.376060543638287,13.871797711661692,
2021-12-15,8.130000114440918,8.199999809265137,7.659999847412109,8.100000381469727,8.100000381469727,5269100,10.217575709025065,13.748539292410518,
2021-12-16,8.210000038146973,8.305000305175781,7.809999942779541,7.900000095367432,7.900000095367432,3261400,10.066363580299146,13.641685362612263,
2021-12-17,7.90500020980835,8.34000015258789,7.579999923706055,7.989999771118164,7.989999771118164,5998700,9.908787828503232,13.540561767106645,
2021-12-20,7.78000020980835,8.010000228881836,7.610000133514404,7.690000057220459,7.690000057220459,4378800,9.753030256791549,13.437415690904253,
2021-12-21,7.739999771118164,7.90500020980835,7.510000228881836,7.880000114440918,7.880000114440918,5797800,9.577575712492973,13.341348273030828,
2021-12-22,7.840000152587891,7.889999866485596,7.460000038146973,7.610000133514404,7.610000133514404,6824800,9.408484820163611,13.247865125034632,
2021-12-23,7.539999961853027,8.15999984741211,7.5,8.140000343322754,8.140000343322754,4402900,9.256666660308838,13.16898872611228,
2021-12-27,8.010000228881836,8.255000114440918,7.960000038146973,8.010000228881836,8.010000228881836,2412600,9.115454543720592,13.082134798671422,
2021-12-28,8.0,8.0,7.755000114440918,7.800000190734863,7.800000190734863,2880400,8.96090910651467,12.99415727143877,
2021-12-29,7.730000019073486,7.949999809265137,7.699999809265137,7.880000114440918,7.880000114440918,3512100,8.82515154462872,12.900786480207122,
2021-12-30,7.75,8.229999542236328,7.679999828338623,8.039999961853027,8.039999961853027,4350600,8.72636365890503,12.795617944738838,
2021-12-31,8.079999923706055,8.170000076293945,7.869999885559082,7.960000038146973,7.960000038146973,3399900,8.609393972339053,12.68629209647018,
2022-01-03,8.114999771118164,8.390000343322754,7.833000183105469,8.369999885559082,8.369999885559082,3086900,8.579393979274865,12.579775236965565,
2022-01-04,8.390000343322754,8.420000076293945,7.909999847412109,8.039999961853027,8.039999961853027,3319400,8.51454548402266,12.464494346232897,
2022-01-05,8.093000411987305,8.4399995803833,7.900000095367432,7.900000095367432,7.900000095367432,4104400,8.467878832961574,12.341910083642167,
2022-01-06,7.900000095367432,8.289999961853027,7.724999904632568,8.119999885559082,8.119999885559082,3074200,8.414848529931271,12.228426944004015,
2022-01-07,8.119999885559082,8.335000038146973,7.920000076293945,7.980000019073486,7.980000019073486,2521300,8.352121252002139,12.11775278777219,
2022-01-10,8.0,8.020000457763672,7.179999828338623,7.25,7.25,6696000,8.293030348691074,12.000786497351829,
2022-01-11,7.360000133514404,8.305000305175781,7.300000190734863,8.210000038146973,8.210000038146973,7498200,8.253333366278445,11.903820203931144,
2022-01-12,8.149999618530273,8.25,7.809999942779541,7.820000171661377,7.820000171661377,6772200,8.193030328461617,11.798876387349676,
2022-01-13,7.880000114440918,8.050000190734863,7.670000076293945,7.71999979019165,7.71999979019165,3548500,8.133939410700943,11.695842683984992,
2022-01-14,7.566999912261963,7.639999866485596,7.199999809265137,7.409999847412109,7.409999847412109,3940200,8.076363635785652,11.593820212932116,
2022-01-18,7.400000095367432,7.420000076293945,6.900000095367432,7.0,7.0,4636000,8.017272732474588,11.476404474022683,
2022-01-19,7.019999980926514,7.190000057220459,6.849999904632568,6.909999847412109,6.909999847412109,2712100,7.972121224258885,11.353258395462893,
2022-01-20,7.0,7.239999771118164,6.809999942779541,6.829999923706055,6.829999923706055,3425500,7.929696993394331,11.239775245109302,
2022-01-21,6.78000020980835,6.914999961853027,6.480000019073486,6.53000020980835,6.53000020980835,5269100,7.885151545206706,11.1224718843953,
2022-01-24,6.349999904632568,6.889999866485596,6.110000133514404,6.880000114440918,6.880000114440918,6146800,7.850303071917909,11.016516835502024,
2022-01-25,6.769999980926514,6.940000057220459,6.599999904632568,6.849999904632568,6.849999904632568,4062600,7.792121236974543,10.910674132657855,
2022-01-26,6.909999847412109,7.119999885559082,6.650000095367432,6.679999828338623,6.679999828338623,3483900,7.727878801750414,10.805393240425024,
2022-01-27,6.739999771118164,6.849999904632568,6.210000038146973,6.25,6.25,6522900,7.655757586161296,10.690449425343717,
2022-01-28,6.150000095367432,6.809999942779541,6.150000095367432,6.650000095367432,6.650000095367432,5140500,7.599696982990611,10.579999993356425,
2022-01-31,6.650000095367432,7.179999828338623,6.650000095367432,7.110000133514404,7.110000133514404,2986800,7.566969727024888,10.47314605284273,
2022-02-01,7.269999980926514,7.360000133514404,6.989999771118164,7.300000190734863,7.300000190734863,2588300,7.539697011311849,10.372022468052553,
2022-02-02,7.260000228881836,7.347000122070312,6.940000057220459,7.0,7.0,2086500,7.506363666418827,10.270561786180131,
2022-02-03,6.800000190734863,6.929999828338623,6.679999828338623,6.730000019073486,6.730000019073486,2480600,7.470909118652344,10.167415720693182,
2022-02-04,6.75,6.929999828338623,6.559999942779541,6.880000114440918,6.880000114440918,2025900,7.4372727654197,10.074943815724234,
2022-02-07,6.880000114440918,7.179999828338623,6.880000114440918,7.099999904632568,7.099999904632568,2087600,7.419393972917036,9.984831456387981,
2022-02-08,7.090000152587891,7.25,6.949999809265137,7.25,7.25,1560300,7.400303060358221,9.900561793466633,
2022-02-09,7.25,7.670000076293945,7.239999771118164,7.619999885559082,7.619999885559082,3059200,7.400606083147453,9.831011225668233,
2022-02-10,7.409999847412109,7.800000190734863,7.409999847412109,7.53000020980835,7.53000020980835,2371700,7.382121230616714,9.76247190089708,
2022-02-11,7.539999961853027,7.71999979019165,7.195000171661377,7.329999923706055,7.329999923706055,3416900,7.361515160762902,9.693146057343215,
2022-02-14,7.28000020980835,7.59499979019165,7.179999828338623,7.360000133514404,7.360000133514404,2771500,7.348181825695616,9.610337075222745,
2022-02-15,7.590000152587891,7.909999847412109,7.565000057220459,7.869999885559082,7.869999885559082,2701700,7.3478787884567724,9.534719092122625,
2022-02-16,7.809999942779541,7.980000019073486,7.625,7.800000190734863,7.800000190734863,2217600,7.340606068119858,9.463370783945148,
2022-02-17,7.809999942779541,7.880000114440918,7.210000038146973,7.309999942779541,7.309999942779541,1976500,7.320909095532967,9.3860674172305,
2022-02-18,7.260000228881836,7.289999961853027,6.900000095367432,6.96999979019165,6.96999979019165,2782000,7.278484850218802,9.303370786516854,
2022-02-22,6.840000152587891,7.159999847412109,6.769999980926514,6.829999923706055,6.829999923706055,2484100,7.241818182396166,9.213033708293786,
2022-02-23,6.980000019073486,6.980000019073486,6.349999904632568,6.360000133514404,6.360000133514404,2987000,7.195151516885469,9.121460673514378,
2022-02-24,6.070000171661377,6.829999923706055,6.0,6.820000171661377,6.820000171661377,4281200,7.155757586161296,9.037640453724379,
2022-02-25,6.820000171661377,6.929999828338623,6.659999847412109,6.730000019073486,6.730000019073486,3408600,7.117878798282508,8.948876407709015,
2022-02-28,6.78000020980835,6.880000114440918,6.550000190734863,6.75,6.75,1822500,7.102727283130992,8.861685393901354,
2022-03-01,6.769999980926514,6.900000095367432,6.670000076293945,6.699999809265137,6.699999809265137,2073600,7.0569697004376035,8.777752806631367,
2022-03-02,6.75,6.800000190734863,6.492000102996826,6.730000019073486,6.730000019073486,1803100,7.023939392783425,8.695955051464981,
2022-03-03,6.739999771118164,6.920000076293945,6.485000133514404,6.659999847412109,6.659999847412109,2849500,6.991818182396166,8.611573026421365,
2022-03-04,6.550000190734863,6.578999996185303,6.079999923706055,6.179999828338623,6.179999828338623,4042200,6.954545454545454,8.52494380715188,
2022-03-07,6.0,6.070000171661377,5.699999809265137,5.710000038146973,5.710000038146973,4782000,6.915454546610515,8.443146057343215,
2022-03-08,5.75,5.920000076293945,5.449999809265137,5.730000019073486,5.730000019073486,7750900,6.879696976054799,8.357752799987793,
2022-03-09,5.349999904632568,6.078000068664551,5.138000011444092,5.71999979019165,5.71999979019165,12306600,6.846060608372544,8.277190996020028,
2022-03-10,5.610000133514404,5.610000133514404,5.090000152587891,5.369999885559082,5.369999885559082,8128800,6.810909083395293,8.189325830909643,
2022-03-11,5.409999847412109,5.440000057220459,4.949999809265137,4.989999771118164,4.989999771118164,6939500,6.753636345718846,8.101235941554723,
2022-03-14,5.0,5.03000020980835,4.679999828338623,4.710000038146973,4.710000038146973,5145800,6.688787864916252,8.000561783822734,
2022-03-15,4.75,4.946000099182129,4.659999847412109,4.800000190734863,4.800000190734863,5337800,6.63181817892826,7.9062921277592695,
2022-03-16,4.900000095367432,5.244999885559082,4.880000114440918,5.230000019073486,5.230000019073486,6848700,6.600909088597153,7.8173033682148105,
2022-03-17,5.21999979019165,5.610000133514404,5.150000095367432,5.289999961853027,5.289999961853027,5510900,6.559696963339141,7.734382018614351,
2022-03-18,5.300000190734863,5.78000020980835,5.25,5.71999979019165,5.71999979019165,10466500,6.517575740814209,7.6537078632397595,
2022-03-21,5.78000020980835,5.800000190734863,5.454999923706055,5.489999771118164,5.489999771118164,2765300,6.462727243250066,7.576516853289657,
2022-03-22,5.489999771118164,5.659999847412109,5.389999866485596,5.53000020980835,5.53000020980835,3368500,6.4181817950624405,7.5116853928298095,
2022-03-23,5.510000228881836,5.619999885559082,5.289999961853027,5.309999942779541,5.309999942779541,3302300,6.3751514897202,7.438539328200094,
2022-03-24,5.400000095367432,5.440000057220459,5.074999809265137,5.190000057220459,5.190000057220459,4064200,6.323939366774126,7.39168540011631,
2022-03-25,5.199999809265137,5.210000038146973,5.039999961853027,5.119999885559082,5.119999885559082,2303100,6.263939366196141,7.334831462817245,
2022-03-28,5.130000114440918,5.170000076293945,4.920000076293945,5.03000020980835,5.03000020980835,2554400,6.196666645281242,7.285280908091685,
2022-03-29,5.099999904632568,5.454999923706055,5.099999904632568,5.400000095367432,5.400000095367432,4757500,6.129393924366344,7.235056191347958,
2022-03-30,5.349999904632568,5.380000114440918,5.010000228881836,5.039999961853027,5.039999961853027,3251300,6.053939371398001,7.178764053944791,
2022-03-31,5.050000190734863,5.144999980926514,4.980000019073486,5.010000228881836,5.010000228881836,2304700,5.983636350342722,7.131685406974192,
2022-04-01,5.010000228881836,5.079999923706055,4.909999847412109,5.079999923706055,5.079999923706055,4173300,5.914545434893983,7.081797760524107,
2022-04-04,5.099999904632568,5.380000114440918,5.079999923706055,5.329999923706055,5.329999923706055,3284500,5.837575739080256,7.031460676300392,
2022-04-05,5.340000152587891,5.340000152587891,5.019999980926514,5.110000133514404,5.110000133514404,3088700,5.75606058583115,6.980224721887138,
2022-04-06,5.019999980926514,5.019999980926514,4.610000133514404,4.679999828338623,4.679999828338623,7666800,5.676363612666274,6.928202243333452,
2022-04-07,4.71999979019165,4.724999904632568,4.46999979019165,4.519999980926514,4.519999980926514,5817800,5.602121194203694,6.8784269643633555,
2022-04-08,4.510000228881836,4.539999961853027,4.349999904632568,4.449999809265137,4.449999809265137,3859500,5.529999978614576,6.834044944034534,
2022-04-11,4.429999828338623,4.510000228881836,4.309999942779541,4.460000038146973,4.460000038146973,3941900,5.4724242181488965,6.791685399044765,
2022-04-12,4.519999980926514,4.610000133514404,4.260000228881836,4.309999942779541,4.309999942779541,4430300,5.396363605152477,6.750224724244536,
2022-04-13,4.340000152587891,4.429999828338623,4.210000038146973,4.369999885559082,4.369999885559082,3384500,5.3248484495914346,6.709101130453388,
2022-04-14,4.369999885559082,4.380000114440918,4.199999809265137,4.340000152587891,4.340000152587891,3212500,5.251818151185007,6.65932584612557,
2022-04-18,4.360000133514404,4.375,4.090000152587891,4.119999885559082,4.119999885559082,4178000,5.173636335315126,6.606741573033708,
2022-04-19,4.099999904632568,4.329999923706055,4.050000190734863,4.260000228881836,4.260000228881836,4385100,5.098787856824471,6.5576404507240555,
2022-04-20,4.260000228881836,4.309999942779541,4.050000190734863,4.059999942779541,4.059999942779541,3617500,5.019999980926514,6.507752809631691,
2022-04-21,4.119999885559082,4.190000057220459,3.849999904632568,3.849999904632568,3.849999904632568,4545800,4.949393922632391,6.45898876833112,13.12772531059167
2022-04-22,3.849999904632568,4.019999980926514,3.809999942779541,3.829999923706055,3.829999923706055,3565400,4.892424222194787,6.409887646021468,13.057467796260195
2022-04-25,3.819999933242798,3.920000076293945,3.724999904632568,3.829999923706055,3.829999923706055,5027900,4.834848461729107,6.361910112788168,12.97751071831699
2022-04-26,3.869999885559082,3.869999885559082,3.4600000381469727,3.5,3.5,7407700,4.767575740814209,6.3124719094694335,12.903562222427565
2022-04-27,3.559999942779541,3.694999933242798,3.490000009536743,3.569999933242798,3.569999933242798,4683100,4.713030287713716,6.2628089899427435,12.827896982815133
2022-04-28,3.650000095367432,3.7300000190734863,3.450000047683716,3.680000066757202,3.680000066757202,4589000,4.673333326975505,6.217752810274617,12.750901271345278
2022-04-29,3.680000066757202,3.880000114440918,3.539999961853028,3.559999942779541,3.559999942779541,4543800,4.638484839237098,6.169213482503141,12.67124461513732
2022-05-02,3.5999999046325684,3.7200000286102295,3.5199999809265137,3.680000066757202,3.680000066757202,3341900,4.604545441540805,6.125056178382273,12.585278954117083
2022-05-03,3.7200000286102295,3.734999895095825,3.440000057220459,3.490000009536743,3.490000009536743,11926200,4.55181816852454,6.072808983620633,12.492317582404665
2022-05-04,3.5299999713897705,4.0,3.259999990463257,3.940000057220459,3.940000057220459,15299700,4.510909080505371,6.027078644613201,12.407038614985257
2022-05-05,3.839999914169312,3.890000104904175,3.539999961853028,3.5999999046325684,3.5999999046325684,4335700,4.4466666597308535,5.979887630162614,12.319999991568373
2022-05-06,3.609999895095825,3.609999895095825,3.180000066757202,3.319999933242798,3.319999933242798,10141700,4.3809090888861455,5.9286516730705,12.231974240536342
2022-05-09,3.259999990463257,3.318000078201294,3.009999990463257,3.039999961853028,3.039999961853028,5154800,4.305454535917803,5.872471897789602,12.137725313333995
2022-05-10,3.140000104904175,3.2100000381469727,2.819999933242798,2.950000047683716,2.950000047683716,8659800,4.233939387581565,5.816179763065295,12.034549348855736
2022-05-11,2.930000066757202,3.0850000381469727,2.8399999141693115,2.8499999046325684,2.8499999046325684,5543900,4.163030292048599,5.754157291369491,11.933862655459555
2022-05-12,2.809999942779541,3.275000095367432,2.75,3.069999933242798,3.069999933242798,10584900,4.100909081372348,5.698314594418815,11.832660940072056
2022-05-13,3.200000047683716,3.7100000381469727,3.1600000858306885,3.7100000381469727,3.7100000381469727,9218800,4.060909076170488,5.651235942090495,11.7252789679515
2022-05-16,3.7100000381469727,3.755000114440918,3.569999933242798,3.630000114440918,3.630000114440918,5467500,4.007272713112108,5.600786506459954,11.623390552823636
2022-05-17,3.7100000381469727,3.7200000286102295,3.5,3.690000057220459,3.690000057220459,3246200,3.96636362509294,5.552584259697561,11.519828322619327
2022-05-18,3.650000095367432,3.744999885559082,3.5199999809265137,3.5799999237060547,3.5799999237060547,2879900,3.9230302825118555,5.511348303784145,11.417210297523138
2022-05-19,3.539999961853028,3.680000066757202,3.440000057220459,3.559999942779541,3.559999942779541,5294100,3.876969677029234,5.459101111701365,11.31776823915637
2022-05-20,3.680000066757202,3.7699999809265137,3.5450000762939453,3.660000085830689,3.660000085830689,4328500,3.826363621336041,5.412359537703268,11.221888411198563
2022-05-23,3.609999895095825,3.7200000286102295,3.549999952316284,3.700000047683716,3.700000047683716,3925200,3.7836363460078384,5.367191001270594,11.124763948211342
2022-05-24,3.595000028610229,3.7200000286102295,3.4049999713897705,3.440000057220459,3.440000057220459,6612200,3.746060595367894,5.322584262054957,11.02879828649529
2022-05-25,3.509999990463257,3.759999990463257,3.450000047683716,3.7200000286102295,3.7200000286102295,5147400,3.7218181725704307,5.285730329792151,10.9338626636456
2022-05-26,3.680000066757202,4.0,3.651000022888184,3.849999904632568,3.849999904632568,5086000,3.7036363572785347,5.251348307963168,10.843905583983327
2022-05-27,3.880000114440918,4.239999771118164,3.880000114440918,4.190000057220459,4.190000057220459,6135200,3.695454539674701,5.221685388115015,10.757167388441225
2022-05-31,4.269999980926514,4.309999942779541,4.059999942779541,4.130000114440918,4.130000114440918,5411500,3.6899999994220156,5.194719094908639,10.666309023108093
2022-06-01,4.21999979019165,4.230000019073486,3.930000066757202,4.050000190734863,4.050000190734863,4005300,3.680303038972797,5.162921342956886,10.573175976716398
2022-06-02,4.019999980926514,4.159999847412109,3.924999952316284,4.119999885559082,4.119999885559082,4262700,3.673636364214348,5.132247185439207,10.48587984281548
2022-06-03,4.099999904632568,4.15500020980835,4.0,4.050000190734863,4.050000190734863,2722400,3.6715151613408867,5.102696627713321,10.402832634970865
2022-06-06,4.110000133514404,4.28000020980835,4.010000228881836,4.119999885559082,4.119999885559082,3368500,3.6672727266947427,5.078764042157806,10.321416324811944
2022-06-07,4.070000171661377,4.190000057220459,3.910000085830689,4.170000076293945,4.170000076293945,4212200,3.6706060640739673,5.05089887340417,10.243991436364825
2022-06-08,4.199999809265137,4.599999904632568,4.179999828338623,4.320000171661377,4.320000171661377,6534000,3.6848484964081734,5.0195505592260465,10.166180275028868
2022-06-09,4.309999942779541,4.329999923706055,4.070000171661377,4.099999904632568,4.099999904632568,5015000,3.6930303140120073,4.983595499831639,10.083175980481979
2022-06-10,3.9700000286102295,4.065000057220459,3.839999914169312,3.890000104904175,3.890000104904175,5097300,3.694848501321041,4.948651680785619,10.001158813550237
2022-06-13,3.619999885559082,3.828000068664551,3.5999999046325684,3.690000057220459,3.690000057220459,5110600,3.7006060788125703,4.914494377843449,9.920772547373955
2022-06-14,3.75,3.884999990463257,3.5899999141693115,3.759999990463257,3.759999990463257,4384100,3.706363656304099,4.879438196675161,9.84622319471171
2022-06-15,3.809999942779541,4.090000152587891,3.809999942779541,4.039999961853027,4.039999961853027,5128900,3.717272744034276,4.845056174846178,9.77540773997491
2022-06-16,3.910000085830689,3.920000076293945,3.740000009536743,3.7699999809265137,3.7699999809265137,3744200,3.723636381553881,4.805955051036364,9.707982849153838
2022-06-17,3.829999923706055,3.964999914169312,3.7200000286102295,3.7300000190734863,3.7300000190734863,3328900,3.7251515316240713,4.7622471873679855,9.641244648863829
2022-06-21,3.890000104904175,3.994999885559082,3.819999933242798,3.940000057220459,3.940000057220459,3097900,3.7387878967053965,4.72191010700183,9.573690999730974
2022-06-22,3.875,3.990000009536743,3.7809998989105225,3.799999952316284,3.799999952316284,1974000,3.7345454692840576,4.682247185974978,9.506523614277656
2022-06-23,3.839999914169312,4.019999980926514,3.767999887466431,3.940000057220459,3.940000057220459,2350400,3.7448485042109634,4.643820218825608,9.442446357702492
2022-06-24,4.019999980926514,4.260000228881836,3.9600000381469727,4.079999923706055,4.079999923706055,3823000,3.7678788069522744,4.601235949591304,9.378240344862057
2022-06-27,4.139999866485596,4.152999877929688,3.869999885559082,3.9600000381469727,3.9600000381469727,2365100,3.795757597143,4.558089880461104,9.315965669861168
2022-06-28,3.9700000286102295,4.039999961853027,3.670000076293945,3.690000057220459,3.690000057220459,3012500,3.8181818398562344,4.517415724443586,9.251759663160266
2022-06-29,3.690000057220459,3.690000057220459,3.430000066757202,3.5199999809265137,3.5199999809265137,4401600,3.8384848724712026,4.478651681642853,9.191759663078406
2022-06-30,3.4600000381469727,3.490000009536743,3.265000104904175,3.4600000381469727,3.4600000381469727,4766500,3.850303057468299,4.440786514389381,9.128841204704646
2022-07-01,3.4200000762939453,3.650000095367432,3.4100000858306885,3.640000104904175,3.640000104904175,3644700,3.848181847370032,4.410224716315109,9.065965664744889
2022-07-05,3.539999961853028,3.964999914169312,3.5299999713897705,3.9600000381469727,3.9600000381469727,3940900,3.8581818450580943,4.3780898833542725,9.006781115552387
2022-07-06,3.950000047683716,4.119999885559082,3.930000066757202,4.070000171661377,4.070000171661377,3535100,3.8696970000411524,4.348202244619305,8.944849785817027
2022-07-07,4.150000095367432,4.170000076293945,3.849999904632568,4.110000133514404,4.110000133514404,2733300,3.8857576124595874,4.3185393247711525,8.88330471873795
2022-07-08,4.039999961853027,4.190000057220459,4.005000114440918,4.090000152587891,4.090000152587891,2099900,3.901818224878022,4.289213485932082,8.82343347082834
2022-07-11,4.079999923706055,4.079999923706055,3.829999923706055,3.849999904632568,3.849999904632568,1573200,3.9075757951447456,4.256853934084432,8.76188840374926
2022-07-12,3.869999885559082,3.974999904632568,3.744999885559082,3.819999933242798,3.819999933242798,2319800,3.9112121553132027,4.224943822689271,8.699012869929039
2022-07-13,3.700000047683716,3.910000085830689,3.630000114440918,3.829999923706055,3.829999923706055,2883400,3.9230303330854936,4.198539329378792,8.63339054840317
2022-07-14,3.759999990463257,3.809999942779541,3.549999952316284,3.5799999237060547,3.5799999237060547,2673900,3.918787905664155,4.174606743823277,8.566909862690217
2022-07-15,3.670000076293945,3.700000047683716,3.414999961853028,3.5899999141693115,3.5899999141693115,2926100,3.9109091180743594,4.150561798824353,8.507596558255699
2022-07-18,3.640000104904175,3.775000095367432,3.5799999237060547,3.640000104904175,3.640000104904175,2278900,3.894242452852654,4.127191015843595,8.450300422349201
2022-07-19,3.630000114440918,4.079999923706055,3.5910000801086426,4.059999942779541,4.059999942779541,5498000,3.8921212355295816,4.112471915362926,8.395321877729227
2022-07-20,4.070000171661377,4.340000152587891,4.03000020980835,4.179999828338623,4.179999828338623,4554300,3.8960606184872715,4.103370792410347,8.34274676838658
2022-07-21,4.179999828338623,4.239999771118164,4.059999942779541,4.119999885559082,4.119999885559082,1765000,3.8960606184872715,4.09674157721273,8.292060071306679
2022-07-22,4.099999904632568,4.190999984741211,3.75,3.7799999713897705,3.7799999713897705,2814000,3.8878787936586323,4.085280900590875,8.243218870122034
2022-07-25,3.7799999713897705,3.829999923706055,3.6059999465942383,3.690000057220459,3.690000057220459,1718100,3.874848495830189,4.067977530232976,8.191502133152516
2022-07-26,3.650000095367432,3.6549999713897705,3.4600000381469727,3.5,3.5,2012700,3.854545463215221,4.047865171111032,8.139442046824444
2022-07-27,3.5999999046325684,3.640000104904175,3.4100000858306885,3.5799999237060547,3.5799999237060547,3065000,3.832121213277181,4.023820228790969,8.085321872531088
2022-07-28,3.569999933242798,3.7699999809265137,3.444999933242798,3.75,3.75,2611100,3.8215151555610425,4.0042696695649225,8.026738183181173
2022-07-29,3.7200000286102295,3.7899999618530273,3.5899999141693115,3.7200000286102295,3.7200000286102295,2159800,3.81636363809759,3.9839325888773027,7.9667810994668065
2022-08-01,3.7200000286102295,3.930000066757202,3.641999959945679,3.920000076293945,3.920000076293945,3192700,3.823333335645271,3.9683146128493747,7.906995690431717
2022-08-02,3.7300000190734863,3.839999914169312,3.240000009536743,3.240000009536743,3.240000009536743,12078300,3.8075757604656797,3.946404499954052,7.842360500614019
2022-08-03,3.380000114440918,3.628999948501587,3.319999933242798,3.5299999713897705,3.5299999713897705,5740900,3.7921212153001265,3.928539332379116,7.7767811036416905
2022-08-04,3.5199999809265137,3.910000085830689,3.5,3.7300000190734863,3.7300000190734863,4952300,3.790909095243974,3.913932588662994,7.71459226546881
2022-08-05,3.700000047683716,4.039999961853027,3.630000114440918,3.9700000286102295,3.9700000286102295,4152800,3.798181822805694,3.897865172182576,7.655107287378271
2022-08-08,4.010000228881836,4.235000133514404,3.9800000190734863,4.039999961853027,4.039999961853027,2971900,3.8012121229460747,3.886629217126396,7.596652352247116
2022-08-09,4.0,4.0,3.714999914169312,3.7300000190734863,3.7300000190734863,2145100,3.799090912847808,3.872247192297089,7.540386257253491
2022-08-10,3.849999904632568,3.940000057220459,3.7799999713897705,3.890000104904175,3.890000104904175,2247300,3.7975757627776177,3.858876407816169,7.483433468659037
2022-08-11,3.950000047683716,4.25,3.950000047683716,4.010000228881836,4.010000228881836,4528400,3.7954545599041563,3.844044950570953,7.428154502303816
2022-08-12,4.039999961853027,4.135000228881836,3.890000104904175,4.099999904632568,4.099999904632568,2072400,3.7996969801006895,3.8326966333925054,7.374978537211602
2022-08-15,4.050000190734863,4.139999866485596,3.950000047683716,4.070000171661377,4.070000171661377,1893500,3.8112121350837476,3.825842704665795,7.317553641970066
2022-08-16,4.079999923706055,4.079999923706055,3.890000104904175,3.990000009536743,3.990000009536743,2160300,3.8254545601931484,3.819887648807483,7.257982822958492
2022-08-17,3.910000085830689,3.910000085830689,3.7100000381469727,3.7699999809265137,3.7699999809265137,2798500,3.8348484978531348,3.81224720129806,7.2015021348715855
2022-08-18,3.740000009536743,3.759999990463257,3.640000104904175,3.680000066757202,3.680000066757202,1749200,3.836060617909287,3.803483156675703,7.144463511495631
2022-08-19,3.670000076293945,3.670000076293945,3.380000114440918,3.390000104904175,3.390000104904175,3543100,3.8187878926595054,3.7931460798456427,7.089012870461133
2022-08-22,3.3499999046325684,3.4100000858306885,3.25,3.2799999713897705,3.2799999713897705,4040200,3.794848492651275,3.7808988897987965,7.033261795412318
2022-08-23,3.319999933242798,3.400000095367432,3.240000009536743,3.309999942779541,3.309999942779541,1709400,3.7706060626290063,3.7693258537335343,6.978583686853171
2022-08-24,3.3399999141693115,3.424999952316284,3.289999961853028,3.3299999237060547,3.3299999237060547,2364800,3.7475757526628897,3.76044944966777,6.9221459202500375
2022-08-25,3.400000095367432,3.509999990463257,3.3320000171661377,3.509999990463257,3.509999990463257,2405100,3.7372727249607895,3.7520224806967746,6.866480686122256
2022-08-26,3.5,3.5,3.220000028610229,3.25,3.25,3407800,3.719999999711008,3.7429213577441955,6.809098708271469
2022-08-29,3.200000047683716,3.325000047683716,3.109999895095825,3.2699999809265137,3.2699999809265137,1978300,3.703030304475264,3.7364045046688465,6.75317596468291
2022-08-30,3.319999933242798,3.380000114440918,3.180000066757202,3.220000028610229,3.220000028610229,1718600,3.6921212167450874,3.7295505732632757,6.698197421086193
2022-08-31,3.299999952316284,3.299999952316284,3.1700000762939453,3.2300000190734863,3.2300000190734863,1574500,3.681212129014911,3.722809001301112,6.643776820964567
2022-09-01,3.180000066757202,3.2300000190734863,3.039999961853028,3.1600000858306885,3.1600000858306885,3002700,3.666666673891472,3.7189887775464006,6.592489269158359
2022-09-02,3.2300000190734863,3.2300000190734863,3.005000114440918,3.0299999713897705,3.0299999713897705,3279300,3.6354545535463276,3.712921362244681,6.540600857509564
2022-09-06,3.039999961853028,3.059999942779541,2.9110000133514404,2.940000057220459,2.940000057220459,3618200,3.5978788029063833,3.7046067553959534,6.489914162476175
2022-09-07,2.970000028610229,3.140000104904175,2.930000066757202,3.130000114440918,3.130000114440918,2274300,3.5678788098421963,3.699775296650576,6.444077251295163
2022-09-08,3.109999895095825,3.244999885559082,3.039999961853028,3.2100000381469727,3.2100000381469727,2025600,3.5506060845924146,3.6944943974527082,6.399356220924803
2022-09-09,3.259999990463257,3.384999990463257,3.240000009536743,3.2699999809265137,3.2699999809265137,1732000,3.537878809553204,3.6920224870188854,6.3554506414438015
2022-09-12,3.3299999237060547,3.338000059127808,3.2100000381469727,3.299999952316284,3.299999952316284,1715500,3.531818202047637,3.6848314746042314,6.306394849212385
2022-09-13,3.0899999141693115,3.0999999046325684,2.970000028610229,3.059999942779541,3.059999942779541,3818900,3.516060626868046,3.6787640593025124,6.256866950333886
2022-09-14,3.069999933242798,3.069999933242798,2.970000028610229,2.990000009536743,2.990000009536743,1984000,3.493030324126735,3.675056194991208,6.2089699563038705
2022-09-15,2.990000009536743,3.0999999046325684,2.9600000381469727,2.9800000190734863,2.9800000190734863,1855600,3.4706060814135,3.674382038330764,6.160858370203829
2022-09-16,2.970000028610229,3.009999990463257,2.880000114440918,2.990000009536743,2.990000009536743,3343300,3.4424242612087363,3.6748314761043934,6.112188842675205
2022-09-19,2.9600000381469727,3.0199999809265137,2.890000104904175,2.940000057220459,2.940000057220459,1745800,3.4333333535627886,3.6758427137739202,6.060987126673751
2022-09-20,2.890000104904175,2.930000066757202,2.75,2.75,2.75,2790200,3.4096969907934014,3.6722472089060236,6.010515022687135
2022-09-21,2.799999952316284,2.900000095367432,2.75,2.799999952316284,2.799999952316284,4437400,3.3815151705886377,3.66202248884051,5.9612446373624355
2022-09-22,2.8499999046325684,2.9649999141693115,2.650000095367432,2.680000066757202,2.680000066757202,7573900,3.3424242626536977,3.6513483310013672,5.909957083509715
2022-09-23,2.630000114440918,2.734999895095825,2.5999999046325684,2.690000057220459,2.690000057220459,3754600,3.301515174634529,3.6401123759451877,5.859227469039066
2022-09-26,2.700000047683716,2.7799999713897705,2.5899999141693115,2.5899999141693115,2.5899999141693115,3784100,3.26696971691016,3.6289887803324152,5.8095278975278015
2022-09-27,2.6700000762939453,2.799999952316284,2.640000104904175,2.690000057220459,2.690000057220459,3841800,3.2306060791015625,3.619213500719392,5.760944205803932
2022-09-28,2.700000047683716,2.799999952316284,2.700000047683716,2.789999961853028,2.789999961853028,1921100,3.1936363740400835,3.609438218427508,5.712103003596032
2022-09-29,2.720000028610229,2.720000028610229,2.4800000190734863,2.559999942779541,2.559999942779541,4113000,3.1469697085293857,3.5966292284847645,5.663476392434902
2022-09-30,2.569999933242798,2.694999933242798,2.539999961853028,2.630000114440918,2.630000114440918,1651200,3.103333343159069,3.5875281055321855,5.619012874595086
2022-10-03,2.6600000858306885,2.700000047683716,2.494999885559082,2.680000066757202,2.680000066757202,2566900,3.0636363751960523,3.575842712702376,5.573304720702601
2022-10-04,2.740000009536743,2.900000095367432,2.7249999046325684,2.8499999046325684,2.8499999046325684,3725100,3.0357575850053267,3.5646067576461964,5.530214590064446
2022-10-05,2.819999933242798,2.8350000381469727,2.680000066757202,2.7699999809265137,2.7699999809265137,1748400,3.008181824828639,3.5486517006091858,5.485493561740597
2022-10-06,2.740000009536743,2.8350000381469727,2.684999942779541,2.75,2.75,2033700,2.988787882255785,3.5331460813458047,5.442231759492931
2022-10-07,2.700000047683716,2.7100000381469727,2.490000009536743,2.549999952316284,2.549999952316284,2584700,2.966666669556589,3.5162921460826744,5.394506437072426
2022-10-10,2.5799999237060547,2.5799999237060547,2.4600000381469727,2.4800000190734863,2.4800000190734863,1808400,2.9415151567170112,3.4978651812907016,5.348540773719165
2022-10-11,2.4600000381469727,2.5799999237060547,2.369999885559082,2.470000028610229,2.470000028610229,1990600,2.91545455383532,3.4801123704803123,5.302703865607921
2022-10-12,2.470000028610229,2.4749999046325684,2.400000095367432,2.430000066757202,2.430000066757202,1733300,2.882727283419985,3.4611236084713024,5.258755367712913
2022-10-13,2.3399999141693115,2.450000047683716,2.2950000762939453,2.400000095367432,2.400000095367432,2271600,2.856969710552331,3.4412359682361733,5.213690992077021
2022-10-14,2.440000057220459,2.4749999046325684,2.25,2.25,2.25,2330100,2.8260606202212246,3.4179775393411016,5.170300435610595
2022-10-17,2.289999961853028,2.319999933242798,2.2300000190734863,2.240000009536743,2.240000009536743,3171900,2.7963636499462705,3.397078664115306,5.131416314661247
2022-10-18,2.299999952316284,2.319999933242798,2.2100000381469727,2.240000009536743,2.240000009536743,2264100,2.7663636496572783,3.378539337201065,5.090300436183618
2022-10-19,2.259999990463257,2.259999990463257,2.0999999046325684,2.130000114440918,2.130000114440918,2408600,2.735151529312134,3.361011247956351,5.059270395229815
2022-10-20,2.119999885559082,2.190000057220459,2.0899999141693115,2.109999895095825,2.109999895095825,2720800,2.707272739121408,3.3424719210421103,5.024635200336768
2022-10-21,2.109999895095825,2.109999895095825,2.009999990463257,2.049999952316284,2.049999952316284,3396900,2.680303038972797,3.320112370373158,4.992918463735621
2022-10-24,2.059999942779541,2.059999942779541,1.950000047683716,2.009999990463257,2.009999990463257,5326100,2.646363641276504,3.300337089581436,4.959184558606455
2022-10-25,2.0299999713897705,2.140000104904175,2.0299999713897705,2.119999885559082,2.119999885559082,3271500,2.6133333336223257,3.2822472004408247,4.925150222532739
2022-10-26,2.109999895095825,2.190000057220459,2.095000028610229,2.109999895095825,2.109999895095825,2425000,2.5781818158698804,3.2616854008663907,4.894721038351755
2022-10-27,2.119999885559082,2.1619999408721924,2.0799999237060547,2.119999885559082,2.119999885559082,1869900,2.5424242380893594,3.2428089956219277,4.862961379243581
2022-10-28,2.0999999046325684,2.1700000762939453,2.0799999237060547,2.1700000762939453,2.1700000762939453,1317700,2.5154545451655532,3.222921355386798,4.830171678199277
2022-10-31,2.140000104904175,2.2699999809265137,2.140000104904175,2.200000047683716,2.200000047683716,2220700,2.491515152382128,3.2017977612741877,4.798111592239576
2022-11-01,2.25,2.309999942779541,2.1600000858306885,2.1700000762939453,2.1700000762939453,1242900,2.466969699570627,3.181685402152244,4.767467813942054
2022-11-02,2.1600000858306885,2.200000047683716,2.039999961853028,2.039999961853028,2.039999961853028,1824400,2.438181819337787,3.1631460752380027,4.737811162236422
2022-11-03,2.039999961853028,2.059999942779541,1.919999957084656,1.9700000286102293,1.9700000286102293,2950900,2.408787879076871,3.145730345436696,4.710214597472817
2022-11-04,2.0199999809265137,2.039999961853028,1.9299999475479128,2.039999961853028,2.039999961853028,2727500,2.3872727264057505,3.1297752883996854,4.6836480756685965
2022-11-07,2.069999933242798,2.0899999141693115,1.9800000190734863,1.9900000095367432,1.9900000095367432,1692800,2.3627272735942495,3.111235961485445,4.657854084293218
2022-11-08,2.0299999713897705,2.049999952316284,1.950000047683716,2.0199999809265137,2.0199999809265137,2335500,2.3427272709933193,3.0894382080335294,4.632060093941095
2022-11-09,2.0,2.005000114440918,1.8550000190734863,1.8799999952316284,1.8799999952316284,3878400,2.3181818145694155,3.064831464478139,4.602489276505335
2022-11-10,1.9600000381469729,2.140000104904175,1.950000047683716,2.109999895095825,2.109999895095825,4707400,2.3036363594459766,3.042359551686919,4.573776828884567
2022-11-11,2.119999885559082,2.490000009536743,2.0999999046325684,2.450000047683716,2.450000047683716,6658800,2.296363631884257,3.0239325842160856,4.54725322344784
2022-11-14,2.039999961853028,2.220000028610229,1.950000047683716,2.140000104904175,2.140000104904175,12108700,2.2766666665221704,3.004719103320261,4.5199570865590175
2022-11-15,2.220000028610229,2.309999942779541,2.0299999713897705,2.039999961853028,2.039999961853028,4606500,2.260909091342579,2.984719103641724,4.493562238410819
2022-11-16,2.039999961853028,2.056999921798706,1.899999976158142,1.940000057220459,1.940000057220459,5546000,2.239999998699535,2.963483150085706,4.466695286685305
2022-11-17,1.899999976158142,1.9600000381469729,1.8600000143051147,1.8799999952316284,1.8799999952316284,5455900,2.215757572289669,2.944382027293859,4.440000006057674
2022-11-18,1.870000004768372,1.9900000095367432,1.7799999713897705,1.950000047683716,1.950000047683716,7900100,2.188484849351825,2.925955062501886,4.414463525166328
2022-11-21,1.919999957084656,1.919999957084656,1.7899999618530271,1.830000042915344,1.830000042915344,3326200,2.1600000027454263,2.905617983153697,4.388025758092495
2022-11-22,1.809999942779541,1.809999942779541,1.600000023841858,1.6699999570846558,1.6699999570846558,9982700,2.1272727287176885,2.8787640507301586,4.362188847791484
2022-11-23,1.6799999475479126,1.7000000476837158,1.5800000429153442,1.600000023841858,1.600000023841858,4639300,2.098484852097251,2.8497752888818804,4.335236057703075
2022-11-25,1.659999966621399,1.659999966621399,1.5820000171661377,1.600000023841858,1.600000023841858,2076200,2.0718181855750806,2.8214606836940463,4.309442065816069
2022-11-28,1.6200000047683716,1.659999966621399,1.5800000429153442,1.5800000429153442,1.5800000429153442,2768900,2.044848489038872,2.796741583374109,4.281287558088999
2022-11-29,1.600000023841858,1.6100000143051147,1.5499999523162842,1.559999942779541,1.559999942779541,3057900,2.018484848918337,2.772808997818593,4.253605153427615
2022-11-30,1.5700000524520874,1.649999976158142,1.5700000524520874,1.6299999952316284,1.6299999952316284,5428500,1.9951515125505852,2.75179776180996,4.227124465893267
2022-12-01,1.7000000476837158,1.7400000095367432,1.6299999952316284,1.649999976158142,1.649999976158142,3849300,1.9769696936462864,2.730112369140882,4.200386267874886
2022-12-02,1.6200000047683716,1.649999976158142,1.5750000476837158,1.6200000047683716,1.6200000047683716,3075100,1.9581818147139116,2.7061797849247964,4.172832619990402
2022-12-05,1.6299999952316284,1.6399999856948853,1.5199999809265137,1.5399999618530271,1.5399999618530271,4447800,1.9369696920568296,2.681685402152244,4.145278971594291
2022-12-06,1.5700000524520874,1.5750000476837158,1.475000023841858,1.4900000095367432,1.4900000095367432,3740800,1.9175757494839756,2.654382030615646,4.115751075130675
2022-12-07,1.440000057220459,1.4900000095367432,1.3899999856948853,1.409999966621399,1.409999966621399,3581500,1.896363630439296,2.633820232380642,4.087296139528823
2022-12-08,1.440000057220459,1.4700000286102295,1.3899999856948853,1.4199999570846558,1.4199999570846558,3428900,1.8772727214928828,2.610112367051371,4.059484980137052
2022-12-09,1.4299999475479126,1.4900000095367432,1.4049999713897705,1.4199999570846558,1.4199999570846558,3129600,1.8593939326026223,2.584157310175092,4.030729615637161
2022-12-12,1.4700000286102295,1.4700000286102295,1.350000023841858,1.3600000143051147,1.3600000143051147,4337400,1.8363636334737141,2.5548314673177313,4.002317598449314
2022-12-13,1.399999976158142,1.4700000286102295,1.3799999952316284,1.399999976158142,1.399999976158142,4173900,1.8148484844149966,2.525168546130148,3.9772103022096497
2022-12-14,1.3899999856948853,1.4110000133514404,1.350000023841858,1.350000023841858,1.350000023841858,4422500,1.7915151552720503,2.4984269731500177,3.947768242062417
2022-12-15,1.3200000524520874,1.3799999952316284,1.3200000524520874,1.3300000429153442,1.3300000429153442,2953600,1.7660606088060322,2.4696629275096935,3.91991416425664
2022-12-16,1.340000033378601,1.409999966621399,1.3250000476837158,1.3600000143051147,1.3600000143051147,6042400,1.740606062340014,2.439887644199843,3.8926180278794447
2022-12-19,1.3600000143051147,1.3899999856948853,1.2999999523162842,1.340000033378601,1.340000033378601,2581300,1.7154545458880337,2.4088764096913713,3.8665665265316616
2022-12-20,1.309999942779541,1.399999976158142,1.2799999713897705,1.3700000047683716,1.3700000047683716,5603600,1.6951515168854685,2.3785393291644836,3.8424034364233712
2022-12-21,1.399999976158142,1.5449999570846558,1.3899999856948853,1.5199999809265137,1.5199999809265137,5951300,1.6815151518041438,2.3507865198542564,3.819270389786094
2022-12-22,1.5199999809265137,1.5499999523162842,1.4700000286102295,1.5199999809265137,1.5199999809265137,4177600,1.6657575766245525,2.325505620977852,3.79648069046086
2022-12-23,1.5099999904632568,1.5099999904632568,1.409999966621399,1.4199999570846558,1.4199999570846558,3644700,1.648484847762368,2.3001123613186096,3.774549358904106
2022-12-27,1.399999976158142,1.475000023841858,1.3200000524520874,1.409999966621399,1.409999966621399,7370800,1.6299999988440312,2.277865168753635,3.751072963419902
2022-12-28,1.3799999952316284,1.6299999952316284,1.3799999952316284,1.559999942779541,1.559999942779541,7326200,1.6203030275576042,2.2585393257355424,3.7283691009226785
2022-12-29,1.5399999618530271,1.7799999713897705,1.5399999618530271,1.75,1.75,7799500,1.6093939398274277,2.241011236490828,3.707210303376161
2022-12-30,1.6799999475479126,1.7799999713897705,1.6699999570846558,1.7400000095367432,1.7400000095367432,5480100,1.5878787871563074,2.2231460689158924,3.6878540802411255
2023-01-03,1.809999942779541,2.119999885559082,1.7899999618530271,2.009999990463257,2.009999990463257,9696900,1.5839393897490068,2.2062921363316224,3.6679399167007642
2023-01-04,2.0999999046325684,2.380000114440918,1.995000004768372,2.289999961853028,2.289999961853028,14278800,1.5915151473247644,2.1955056190490723,3.6472532206850503
2023-01-05,2.240000009536743,2.3299999237060547,1.955000042915344,2.3299999237060547,2.3299999237060547,9623000,1.6033333250970552,2.184943820653337,3.6259227474359994
2023-01-06,2.259999990463257,2.575000047683716,2.259999990463257,2.539999961853028,2.539999961853028,7847100,1.6233333240855823,2.1773033704650535,3.606781116370991
2023-01-09,2.559999942779541,2.609999895095825,2.309999942779541,2.380000114440918,2.380000114440918,7564600,1.636363629138831,2.167752809738845,3.5881115888832977
2023-01-10,2.4100000858306885,2.757999897003174,2.375,2.700000047683716,2.700000047683716,9879600,1.6627272656469634,2.1625842699843845,3.5701716744336958
2023-01-11,2.799999952316284,2.809000015258789,2.5350000858306885,2.75,2.75,6758700,1.6954545396747012,2.1594382028901173,3.5515021469460026
2023-01-12,2.789999961853028,2.789999961853028,2.470999956130981,2.650000095367432,2.650000095367432,4456900,1.7272727236603245,2.156179776352443,3.5317596580849187
2023-01-13,2.609999895095825,2.7300000190734863,2.470000028610229,2.5199999809265137,2.5199999809265137,3497600,1.7551515102386475,2.1493258422680115,3.5098712464770534
2023-01-17,2.5,2.789999961853028,2.470000028610229,2.690000057220459,2.690000057220459,5675400,1.7887878743084995,2.1434831458531067,3.4890987136333287
2023-01-18,2.940000057220459,3.1549999713897705,2.569999933242798,2.5799999237060547,2.5799999237060547,12889600,1.819696964639606,2.135730336221416,3.4687124475389077
2023-01-19,2.539999961853028,2.6050000190734863,2.430000066757202,2.490000009536743,2.490000009536743,5684800,1.8457575711337002,2.126629213268837,3.447811159453167
2023-01-20,2.5199999809265137,2.569999933242798,2.450000047683716,2.539999961853028,2.539999961853028,3527600,1.872727267669909,2.1207865168539324,3.424935623299922
2023-01-23,2.549999952316284,2.7100000381469727,2.509999990463257,2.630000114440918,2.630000114440918,3418800,1.9033333315993801,2.1167415742124063,3.4027467817707633
2023-01-24,2.650000095367432,2.6700000762939453,2.369999885559082,2.4100000858306885,2.4100000858306885,4627700,1.9296969717199153,2.110337080580465,3.381716739466262
2023-01-25,2.369999885559082,2.424999952316284,2.180000066757202,2.2100000381469727,2.2100000381469727,10474200,1.9515151544050737,2.1015730359581077,3.3612875559810917
2023-01-26,2.2699999809265137,2.380000114440918,2.180000066757202,2.200000047683716,2.200000047683716,3851400,1.9754545508009014,2.0932584291093805,3.3414163118779916
2023-01-27,2.2100000381469727,2.369999885559082,2.049999952316284,2.3299999237060547,2.3299999237060547,9249000,2.0030303073651865,2.0885393271285495,3.324120173638471
2023-01-30,2.309999942779541,2.390000104904175,2.25,2.3399999141693115,2.3399999141693115,3714100,2.0309090939435093,2.0833707873740894,3.304892704722196
2023-01-31,2.3499999046325684,2.4600000381469727,2.3499999046325684,2.440000057220459,2.440000057220459,2358900,2.063636367971247,2.080674158053452,3.2864806877185346
2023-02-01,2.450000047683716,2.5999999046325684,2.375,2.5899999141693115,2.5899999141693115,4154200,2.0996969721534033,2.0795505609405174,3.268626610096944
2023-02-02,2.640000104904175,2.825000047683716,2.609999895095825,2.700000047683716,2.700000047683716,6088000,2.140606063784975,2.080786517496859,3.2514592291459503
2023-02-03,2.650000095367432,2.809999942779541,2.5999999046325684,2.630000114440918,2.630000114440918,3706800,2.180000005346356,2.0801123608364147,3.2338626630316476
2023-02-06,2.630000114440918,2.630000114440918,2.390000104904175,2.430000066757202,2.430000066757202,4353500,2.2124242493600557,2.0760674181948886,3.215708157535275
2023-02-07,2.450000047683716,2.470000028610229,2.289999961853028,2.309999942779541,2.309999942779541,4135500,2.241818186008569,2.073258429430844,3.1990987159663518
2023-02-08,2.390000104904175,2.390000104904175,2.2100000381469727,2.220000028610229,2.220000028610229,3061500,2.2675757624886255,2.0686516868934204,3.184120175152889
2023-02-09,2.2799999713897705,2.308000087738037,2.140000104904175,2.150000095367432,2.150000095367432,2049500,2.286666675047441,2.062696631035108,3.168755368613378
2023-02-10,2.1600000858306885,2.1600000858306885,2.039999961853028,2.0899999141693115,2.0899999141693115,3197800,2.3039394002972227,2.054157305299566,3.1531759700038404
2023-02-13,2.140000104904175,2.2109999656677246,2.059999942779541,2.130000114440918,2.130000114440918,4872800,2.3254545565807456,2.046966295563773,3.139270391587024
2023-02-14,2.119999885559082,2.180000066757202,2.059999942779541,2.130000114440918,2.130000114440918,1916700,2.347272742878307,2.0400000047147944,3.1269957149489245
2023-02-15,2.150000095367432,2.240000009536743,2.109999895095825,2.220000028610229,2.220000028610229,2938700,2.367272745479237,2.0362921404034906,3.116309019629024
2023-02-16,2.180000066757202,2.190000057220459,2.069999933242798,2.069999933242798,2.069999933242798,3777800,2.376969713153261,2.0316853978660667,3.104592280326483
2023-02-17,2.0999999046325684,2.25,2.065000057220459,2.2100000381469727,2.2100000381469727,3691500,2.391212138262662,2.028764049658615,3.0916309070177856
2023-02-21,2.2100000381469727,2.244999885559082,2.049999952316284,2.059999942779541,2.059999942779541,4594500,2.3927272883328525,2.024606744894821,3.0777682459917193
2023-02-22,2.059999942779541,2.200000047683716,2.059999942779541,2.190000057220459,2.190000057220459,1943900,2.3896969881924717,2.022247193904405,3.062618032545491
2023-02-23,2.2100000381469727,2.309999942779541,2.174999952316284,2.2699999809265137,2.2699999809265137,3946200,2.387878808108243,2.02247191279122,3.0487982909566855
2023-02-24,2.220000028610229,2.289999961853028,2.1050000190734863,2.130000114440918,2.130000114440918,3964700,2.375454570307876,2.021235958913739,3.0342060158692714
2023-02-27,2.1600000858306885,2.2799999713897705,2.1449999809265137,2.2300000190734863,2.2300000190734863,2857800,2.3709091128724995,2.0211235994703314,3.0209871320765416
2023-02-28,2.240000009536743,2.25,2.190000057220459,2.200000047683716,2.200000047683716,1226800,2.3557575977209844,2.021910115574183,3.0081545140098607
2023-03-01,2.200000047683716,2.234999895095825,2.130000114440918,2.1700000762939453,2.1700000762939453,2195200,2.3381818424571645,2.0225842749134877,2.9954935706224566
2023-03-02,2.119999885559082,2.319999933242798,2.119999885559082,2.2699999809265137,2.2699999809265137,2765600,2.3266666874741064,2.0250561853473106,2.983648076077899
2023-03-03,2.319999933242798,2.4200000762939453,2.2699999809265137,2.390000104904175,2.390000104904175,3272000,2.3227272972916113,2.029325849554512,2.970729621183207
2023-03-06,2.369999885559082,2.390000104904175,2.259999990463257,2.299999952316284,2.299999952316284,2355400,2.310909112294515,2.031348322214705,2.9589699644899166
2023-03-07,2.289999961853028,2.3499999046325684,2.2300000190734863,2.3299999237060547,2.3299999237060547,2410700,2.3033333547187573,2.033820232648528,2.9474678172574023
2023-03-08,2.3299999237060547,2.3489999771118164,2.2300000190734863,2.2699999809265137,2.2699999809265137,1483600,2.2966666871851142,2.035505626978499,2.9354077316660736
2023-03-09,2.2699999809265137,2.319999933242798,2.130000114440918,2.1600000858306885,2.1600000858306885,1726600,2.2851515394268613,2.035393267535092,2.9218025821472953
2023-03-10,2.180000066757202,2.180000066757202,2.009999990463257,2.0199999809265137,2.0199999809265137,3123100,2.266666686896122,2.0333707948748985,2.9085407789173043
2023-03-13,2.0199999809265137,2.059999942779541,1.9299999475479128,2.0,2.0,4066700,2.2542424418709497,2.0314606816581127,2.897038633731302
2023-03-14,2.119999885559082,2.2100000381469727,2.009999990463257,2.059999942779541,2.059999942779541,4841200,2.2496969844355728,2.0316854005449274,2.886480693653418
2023-03-15,2.0450000762939453,2.400000095367432,1.9900000095367432,2.130000114440918,2.130000114440918,22862800,2.247575774337306,2.033483154318306,2.8765236134181205
2023-03-16,2.180000066757202,2.2100000381469727,2.0899999141693115,2.1700000762939453,2.1700000762939453,4292000,2.242727294112697,2.0349438297614624,2.8666952874015843
2023-03-17,2.1600000858306885,2.3550000190734863,2.130000114440918,2.309999942779541,2.309999942779541,6913600,2.2418182040705825,2.038539334629359,2.8581115964144597
2023-03-20,2.315000057220459,2.58899998664856,2.2850000858306885,2.430000066757202,2.430000066757202,7957800,2.2415151740565444,2.0431460771667824,2.849785416934623
2023-03-21,2.5199999809265137,2.680000066757202,2.490000009536743,2.640000104904175,2.640000104904175,6751800,2.2430303313515405,2.0516854042417547,2.8424892793909162
2023-03-22,2.650000095367432,2.7100000381469727,2.5,2.5,2.5,4572800,2.236969723845973,2.0560674278923634,2.835536490182508
2023-03-23,2.509999990463257,2.5199999809265137,2.299000024795532,2.400000095367432,2.400000095367432,5866200,2.230000026298292,2.0555056306753268,2.8275536569914594
2023-03-24,2.4100000858306885,2.450000047683716,2.299999952316284,2.390000104904175,2.390000104904175,2590800,2.2287879062421396,2.0583146194393716,2.820386275713024
2023-03-27,2.444999933242798,2.470000028610229,2.359999895095825,2.369999885559082,2.369999885559082,2174500,2.230606086326368,2.0620224837506753,2.814034344300692
2023-03-28,2.390000104904175,2.515000104904175,2.3410000801086426,2.359999895095825,2.359999895095825,1485100,2.2348485065229013,2.066741583052646,2.8077253313023647
2023-03-29,2.380000114440918,2.4200000762939453,2.315000057220459,2.319999933242798,2.319999933242798,1480000,2.240000016761549,2.071685402580861,2.801244644648016
2023-03-30,2.390000104904175,2.400000095367432,2.259000062942505,2.390000104904175,2.390000104904175,2358500,2.2490909316323022,2.076629223448507,2.796480696600394
2023-03-31,2.400000095367432,2.470000028610229,2.400000095367432,2.4200000762939453,2.4200000762939453,2348900,2.257878809264212,2.0832584373066934,2.791545074896751
2023-04-03,2.430000066757202,2.5850000381469727,2.390000104904175,2.559999942779541,2.559999942779541,3415700,2.2709091070926553,2.0932584371459617,2.7867382074118683
2023-04-04,2.5999999046325684,2.619999885559082,2.509999990463257,2.539999961853028,2.539999961853028,3061300,2.280606074766679,2.103820234202267,2.7823605250902954
2023-04-05,2.5,2.5,2.299999952316284,2.3399999141693115,2.3399999141693115,3076600,2.288787892370513,2.1121348397115645,2.7766094514740383
2023-04-06,2.319999933242798,2.3399999141693115,2.259999990463257,2.2799999713897705,2.2799999713897705,2472400,2.2909091024687798,2.120000007447232,2.7714163182631073
2023-04-10,2.289999961853028,2.3550000190734863,2.240000009536743,2.309999942779541,2.309999942779541,1358200,2.298484860044537,2.128426973739367,2.7644206096174377
2023-04-11,2.3299999237060547,2.380000114440918,2.240000009536743,2.2799999713897705,2.2799999713897705,2061300,2.30121213017088,2.135730344257998,2.7587553738524475
2023-04-12,2.299999952316284,2.315000057220459,2.220000028610229,2.25,2.25,1687300,2.3006060701428037,2.1424719175595914,2.7541630994608473
2023-04-13,2.25,2.299999952316284,2.25,2.289999961853028,2.289999961853028,1281900,2.305454550367413,2.1500000069650373,2.7509442153406756
2023-04-14,2.289999961853028,2.315000057220459,2.255000114440918,2.2799999713897705,2.2799999713897705,892200,2.3069697004376035,2.1583146138137645,2.748068678532547
2023-04-17,2.309999942779541,2.309999942779541,2.259999990463257,2.2699999809265137,2.2699999809265137,1316200,2.30909091053587,2.1670786584361217,2.745579408473723
2023-04-18,2.289999961853028,2.4600000381469727,2.2699999809265137,2.390000104904175,2.390000104904175,2121300,2.3157575780695137,2.178089895944917,2.742660954274845
2023-04-19,2.369999885559082,2.369999885559082,2.299999952316284,2.359999895095825,2.359999895095825,1014400,2.3184848481958564,2.188651693001222,2.7368669622445823
2023-04-20,2.309999942779541,2.3399999141693115,2.2100000381469727,2.220000028610229,2.220000028610229,1677500,2.3133333307324033,2.197640457849824,2.7308154597302874
2023-04-21,2.220000028610229,2.259999990463257,2.180000066757202,2.25,2.25,1688000,2.311818180662213,2.2076404576890925,2.7246352019739764
2023-04-24,2.240000009536743,2.289999961853028,2.220000028610229,2.2799999713897705,2.2799999713897705,2067400,2.3103030305920225,2.217528098084953,2.719055803036997
2023-04-25,2.25,2.2799999713897705,2.194999933242798,2.2100000381469727,2.2100000381469727,2421500,2.308484850507794,2.2271910195939997,2.71326181202999
2023-04-26,2.25,2.3499999046325684,2.2149999141693115,2.3299999237060547,2.3299999237060547,1682400,2.3136363607464414,2.2384269733107494,2.7075536568277383
2023-04-27,2.319999933242798,2.4600000381469727,2.299999952316284,2.380000114440918,2.380000114440918,1672800,2.3245454557014233,2.249887648593174,2.7018884210627476
2023-04-28,2.380000114440918,2.380000114440918,2.299999952316284,2.3299999237060547,2.3299999237060547,950500,2.334545453389486,2.261011242866516,2.6971244719918706
2023-05-01,2.3399999141693115,2.3399999141693115,2.2100000381469727,2.240000009536743,2.240000009536743,1681800,2.3400000008669766,2.2707865238189697,2.690772540579538
2023-05-02,2.2300000190734863,2.2300000190734863,2.190000057220459,2.200000047683716,2.200000047683716,1651800,2.342121210965243,2.2784269740072527,2.6836909961291138
2023-05-03,2.200000047683716,2.2300000190734863,2.119999885559082,2.119999885559082,2.119999885559082,2042500,2.3406060536702475,2.2851685459694164,2.6748068752206957
2023-05-04,2.119999885559082,2.140000104904175,1.965000033378601,2.0899999141693115,2.0899999141693115,3979300,2.333939386136604,2.2926966353748623,2.6660515095542943
2023-05-05,2.1050000190734863,2.134999990463257,2.039999961853028,2.0999999046325684,2.0999999046325684,2539300,2.3239393812237363,2.3004494436671226,2.657682409613941
2023-05-08,2.0999999046325684,2.180000066757202,2.039999961853028,2.150000095367432,2.150000095367432,2719500,2.3090908960862593,2.3070786588647394,2.649227474892088
2023-05-09,2.150000095367432,2.390000104904175,2.119999885559082,2.190000057220459,2.190000057220459,5182600,2.2996969584262734,2.3120224797323847,2.6412446417010393
2023-05-10,2.220000028610229,2.369999885559082,2.200999975204468,2.25,2.25,2756800,2.2951515009908965,2.317752816703882,2.633218891119241
2023-05-11,2.2799999713897705,2.2799999713897705,2.0999999046325684,2.119999885559082,2.119999885559082,1830000,2.2869696761622573,2.318988770581363,2.6244206070388336
2023-05-12,2.1600000858306885,2.184999942779541,2.059999942779541,2.0999999046325684,2.0999999046325684,1802300,2.278787858558424,2.3168539384777627,2.614892708897079
2023-05-15,2.069999933242798,2.0850000381469727,2.0,2.0,2.0,2822200,2.267878770828247,2.3131460741664585,2.6058798337699005
2023-05-16,2.0,2.025000095367432,1.850000023841858,1.8600000143051147,1.8600000143051147,3977000,2.253939379345287,2.305505625317606,2.597167387029132
2023-05-17,1.899999976158142,1.950000047683716,1.8600000143051147,1.9299999475479128,1.9299999475479128,2241600,2.2399999806375215,2.3004494436671226,2.589613738489765
2023-05-18,1.940000057220459,1.955000042915344,1.8600000143051147,1.899999976158142,1.899999976158142,3406700,2.2242424018455274,2.2914606788185203,2.5816309058103437
2023-05-19,1.940000057220459,1.940000057220459,1.7699999809265137,1.7799999713897705,1.7799999713897705,3778500,2.2006060390761406,2.280561802092563,2.5719313350358233
2023-05-22,1.7699999809265137,1.8899999856948853,1.7699999809265137,1.850000023841858,1.850000023841858,3201700,2.179696950045499,2.271573037243961,2.56369099187237
2023-05-23,1.850000023841858,1.8899999856948853,1.840000033378601,1.8600000143051147,1.8600000143051147,2400300,2.165151498534463,2.2641573072819225,2.5556652407789433
2023-05-24,1.7799999713897705,1.850000023841858,1.75,1.7799999713897705,1.7799999713897705,3039600,2.1499999833829477,2.2539325872164095,2.546394854144477
2023-05-25,1.7799999713897705,1.7799999713897705,1.6799999475479126,1.7100000381469729,1.7100000381469729,2909000,2.1318181680910513,2.244157307603386,2.537424897431304
2023-05-26,1.6200000047683716,1.7699999809265137,1.6200000047683716,1.7599999904632568,1.7599999904632568,3215400,2.11606059291146,2.235955060198066,2.5280686739688267
2023-05-30,1.7699999809265137,1.807999968528748,1.6399999856948853,1.649999976158142,1.649999976158142,3572900,2.0978787740071616,2.2259550603587974,2.5176394896445866
2023-05-31,1.6299999952316284,1.7000000476837158,1.5499999523162842,1.5800000429153442,1.5800000429153442,3489500,2.076363624948444,2.214157306746151,2.507424897390374
2023-06-01,1.6399999856948853,1.6449999809265137,1.5700000524520874,1.6100000143051147,1.6100000143051147,4750300,2.0560605959458784,2.2051685418975486,2.4984978585795785
2023-06-02,1.6200000047683716,1.7400000095367432,1.6100000143051147,1.7200000286102295,1.7200000286102295,4211000,2.039393930724173,2.199662923812866,2.4907725368958173
2023-06-05,1.6799999475479126,1.7400000095367432,1.659999966621399,1.690000057220459,1.690000057220459,1627200,2.018181808067091,2.193932586841369,2.483175970454073
2023-06-06,1.6399999856948853,1.809999942779541,1.6399999856948853,1.7899999618530271,1.7899999618530271,2239000,2.0009090828173086,2.1878651715396495,2.475236055677029
2023-06-07,1.7899999618530271,1.919999957084656,1.7799999713897705,1.8799999952316284,1.8799999952316284,3044600,1.9906060515028057,2.1826966331246194,2.4663090168662336
2023-06-08,1.909999966621399,1.9900000095367432,1.8200000524520876,1.950000047683716,1.950000047683716,2853800,1.9815151438568577,2.177191015039937,2.457210303887789
2023-06-09,1.9900000095367432,2.0999999046325684,1.950000047683716,2.009999990463257,2.009999990463257,4091900,1.973333326253024,2.170674161964588,2.448197427737355
2023-06-12,2.009999990463257,2.059999942779541,1.955000042915344,2.039999961853028,2.039999961853028,2532700,1.968181808789571,2.1632584306631197,2.4393991436569475
2023-06-13,2.059999942779541,2.109999895095825,2.009999990463257,2.0799999237060547,2.0799999237060547,1825300,1.9606060512138135,2.1570786532391324,2.431802577215203
2023-06-14,2.0999999046325684,2.1600000858306885,1.9900000095367432,2.009999990463257,2.009999990463257,2231400,1.9493939262447935,2.1523595512583014,2.4240343371174364
2023-06-15,2.0,2.0199999809265137,1.9299999475479128,1.940000057220459,1.940000057220459,1733900,1.9375757484725027,2.148202249173368,2.415922749707627
2023-06-16,1.9800000190734863,1.9900000095367432,1.8600000143051147,1.870000004768372,1.870000004768372,1760100,1.9263636271158855,2.144269664635819,2.4085836942615426
2023-06-20,1.840000033378601,1.875,1.7599999904632568,1.7799999713897705,1.7799999713897705,3140000,1.913636352076675,2.140112359872025,2.4008154541637765
2023-06-21,1.840000033378601,1.840000033378601,1.7100000381469729,1.75,1.75,2733300,1.9024242343324604,2.1362921361173135,2.392703865730711
2023-06-22,1.7599999904632568,1.850000023841858,1.690000057220459,1.809999942779541,1.809999942779541,2651200,1.8939393867145886,2.1326966285705566,2.383047213370196
2023-06-23,1.7999999523162842,1.8600000143051147,1.7710000276565552,1.809999942779541,1.809999942779541,2588600,1.8851515090826787,2.1291011210238,2.3728755400416164
2023-06-26,1.7999999523162842,1.830000042915344,1.7300000190734863,1.8200000524520876,1.8200000524520876,3242800,1.8751515077822136,2.124606739269214,2.3630042961227025
2023-06-27,1.8200000524520876,1.840000033378601,1.7200000286102295,1.8200000524520876,1.8200000524520876,3177800,1.8639393864255962,2.121797751844599,2.3545922793032275
2023-06-28,1.809999942779541,1.919999957084656,1.7649999856948853,1.8899999856948853,1.8899999856948853,3885000,1.853030295083017,2.118202245637272,2.3468669571078387
2023-06-29,1.8799999952316284,2.069999933242798,1.870000004768372,2.039999961853028,2.039999961853028,5644800,1.8506060549707124,2.1179775267504573,2.340600862523517
2023-06-30,2.069999933242798,2.0799999237060547,2.0199999809265137,2.049999952316284,2.049999952316284,2275700,1.849090904900522,2.116404491863894,2.3340343390411573
2023-07-03,2.049999952316284,2.069999933242798,1.950000047683716,2.009999990463257,2.009999990463257,2102200,1.84939393491456,2.1134831436564414,2.326566527841429
2023-07-05,2.0,2.0350000858306885,1.950000047683716,1.950000047683716,1.950000047683716,1827700,1.8521212086533054,2.111460670996248,2.318969961399684
2023-07-06,1.940000057220459,1.940000057220459,1.8600000143051147,1.8799999952316284,1.8799999952316284,1574700,1.850606058583115,2.107528086458699,2.31021459624491
2023-07-07,1.899999976158142,1.9900000095367432,1.899999976158142,1.9800000190734863,1.9800000190734863,3610100,1.8530303023078225,2.1050561760248763,2.304806870963952
2023-07-10,1.9700000286102293,1.9800000190734863,1.899999976158142,1.950000047683716,1.950000047683716,1308200,1.8581818197712754,2.1025842655910534,2.2980257554115657
2023-07-11,1.9600000381469729,1.9900000095367432,1.909999966621399,1.919999957084656,1.919999957084656,2907200,1.860303029869542,2.0986516810535045,2.2902575148021715
2023-07-12,1.9600000381469729,2.109999895095825,1.9600000381469729,2.069999933242798,2.069999933242798,5758300,1.8666666637767444,2.0950561735067477,2.282103007955101
2023-07-13,2.0899999141693115,2.2300000190734863,2.059999942779541,2.200000047683716,2.200000047683716,4646000,1.879393938815955,2.0939325790726735,2.2742060126153185
2023-07-14,2.2100000381469727,2.305000066757202,2.0799999237060547,2.0899999141693115,2.0899999141693115,2551300,1.8909090865742078,2.0912359497520363,2.267167385555644
2023-07-17,2.130000114440918,2.299999952316284,2.059999942779541,2.180000066757202,2.180000066757202,4816100,1.9036363616134182,2.0902247147613697,2.259828329597932
2023-07-18,2.180000066757202,2.2950000762939453,2.140000104904175,2.1700000762939453,2.1700000762939453,3103200,1.9193939404054121,2.090337074204777,2.2519313332348934
2023-07-19,2.2100000381469727,2.319999933242798,2.1600000858306885,2.259999990463257,2.259999990463257,4082500,1.9399999994220156,2.0930337035254145,2.244034337895111
2023-07-20,2.2799999713897705,2.309999942779541,2.1600000858306885,2.1700000762939453,2.1700000762939453,2435000,1.9569696982701619,2.0949438167422003,2.2358798310480403
2023-07-21,2.2100000381469727,2.234999895095825,2.109999895095825,2.1600000858306885,2.1600000858306885,1478500,1.9703030333374485,2.0960674138551347,2.2280257541222634
2023-07-24,2.1600000858306885,2.1600000858306885,2.059999942779541,2.109999895095825,2.109999895095825,2605000,1.9830303011518535,2.0958426922894597,2.220901290234578
2023-07-25,2.130000114440918,2.1600000858306885,2.0899999141693115,2.0999999046325684,2.0999999046325684,1085100,1.9924242388118396,2.0950561735067477,2.214120173658936
2023-07-26,2.140000104904175,2.2300000190734863,2.109999895095825,2.1700000762939453,2.1700000762939453,4871100,2.0012121200561523,2.093483141299044,2.208884122033999
2023-07-27,1.870000004768372,1.899999976158142,1.5499999523162842,1.649999976158142,1.649999976158142,20444000,1.9921212087978015,2.084719095337257,2.2018884138999577
2023-07-28,1.690000057220459,1.7300000190734863,1.600000023841858,1.6399999856948853,1.6399999856948853,7313600,1.9809090874411843,2.073483138941647,2.194721032109895
2023-07-31,1.6200000047683716,1.659999966621399,1.4800000190734863,1.590000033378601,1.590000033378601,9767600,1.9672727259722622,2.063258420215564,2.1872532214217943
2023-08-01,1.5499999523162842,1.5800000429153442,1.5,1.5299999713897705,1.5299999713897705,6995600,1.9506060607505566,2.05348313792368,2.1787553672626805
2023-08-02,1.4800000190734863,1.5,1.399999976158142,1.4299999475479126,1.4299999475479126,7293600,1.9330303018743342,2.0426966193016995,2.170944208239281
2023-08-03,1.4500000476837158,1.5099999904632568,1.409999966621399,1.4700000286102295,1.4700000286102295,3619800,1.9187878767649333,2.032584261358454,2.16321888655552
2023-08-04,1.5,1.5,1.4199999570846558,1.4500000476837158,1.4500000476837158,2580300,1.9060606053381255,2.022359543971801,2.1556223201137756
2023-08-07,1.4600000381469729,1.4800000190734863,1.399999976158142,1.4600000381469729,1.4600000381469729,2777000,1.8963636376641013,2.012696623802185,2.148025753672031
2023-08-08,1.4299999475479126,1.4700000286102295,1.3899999856948853,1.409999966621399,1.409999966621399,4717100,1.8860606063495984,2.00168538629339,2.1405150235466692
2023-08-09,1.440000057220459,1.4500000476837158,1.340000033378601,1.350000023841858,1.350000023841858,4812300,1.8721212148666382,1.9896629137939281,2.133304723342601
2023-08-10,1.3799999952316284,1.4700000286102295,1.3650000095367432,1.3899999856948853,1.3899999856948853,2959500,1.8593939434398303,1.9765168468603926,2.126652362520603
2023-08-11,1.399999976158142,1.4700000286102295,1.3799999952316284,1.4500000476837158,1.4500000476837158,2815100,1.8481818220832131,1.9642696568135465,2.1194420618049064
2023-08-14,1.4500000476837158,1.4600000381469729,1.399999976158142,1.440000057220459,1.440000057220459,1330600,1.8366666707125576,1.9541572988703009,2.111845495363162
2023-08-15,1.409999966621399,1.4210000038146973,1.3600000143051147,1.3700000047683716,1.3700000047683716,2949500,1.8209090955329663,1.9439325801442178,2.103690989027719
2023-08-16,1.3600000143051147,1.3799999952316284,1.3200000524520874,1.3200000524520874,1.3200000524520874,2853600,1.7990909164602107,1.9328089858708757,2.0951931353802333
2023-08-17,1.3200000524520874,1.3700000047683716,1.3200000524520874,1.3300000429153442,1.3300000429153442,1620400,1.7772727373874548,1.922134829371163,2.087768243106138
2023-08-18,1.2999999523162842,1.3200000524520874,1.2899999618530271,1.2999999523162842,1.2999999523162842,2462700,1.7557575847163345,1.9114606715320202,2.0805150239764365
2023-08-21,1.309999942779541,1.350000023841858,1.2799999713897705,1.2899999618530271,1.2899999618530271,1372200,1.7357575821154045,1.9002247164758403,2.073261804846735
2023-08-22,1.309999942779541,1.309999942779541,1.2000000476837158,1.25,1.25,3578300,1.7166666731689915,1.8886516830894384,2.0657939936470067
2023-08-23,1.25,1.2599999904632568,1.2100000381469729,1.2400000095367432,1.2400000095367432,2316300,1.6942424304557568,1.8770786497030365,2.0584978561032994
2023-08-24,1.2200000286102295,1.2400000095367432,1.2000000476837158,1.2100000381469729,1.2100000381469729,2196200,1.6718181877425222,1.8638202219866635,2.0518884142069345
2023-08-25,1.2300000190734863,1.2599999904632568,1.2000000476837158,1.25,1.25,1682200,1.651515158739957,1.8513483130530026,2.045236053896564
2023-08-28,1.2400000095367432,1.25,1.2100000381469729,1.2300000190734863,1.2300000190734863,904200,1.6260606158863415,1.8402247174402302,2.0390128777262477
2023-08-29,1.2300000190734863,1.3450000286102295,1.2100000381469729,1.340000033378601,1.340000033378601,2908700,1.600000009392247,1.829999998714147,2.0332188862076133
2023-08-30,1.2999999523162842,1.3450000286102295,1.2699999809265137,1.2799999713897705,1.2799999713897705,1287200,1.5754545565807458,1.8187640436579673,2.027596568856628
2023-08-31,1.309999942779541,1.309999942779541,1.2300000190734863,1.2300000190734863,1.2300000190734863,1353400,1.546666676347906,1.8077528074886022,2.021330474272306
2023-09-01,1.2400000095367432,1.2699999809265137,1.2200000286102295,1.2599999904632568,1.2599999904632568,1114600,1.5190909161712185,1.7957303363285708,2.0147639507899466
2023-09-05,1.25,1.25,1.2100000381469729,1.2300000190734863,1.2300000190734863,2727300,1.4878787958260737,1.7828089869424197,2.009055796610951
2023-09-06,1.2200000286102295,1.2300000190734863,1.159999966621399,1.2100000381469729,1.2100000381469729,3424600,1.4587878855791958,1.7702247185653515,2.0029613756826508
2023-09-07,1.1799999475479126,1.1799999475479126,1.1200000047683716,1.149999976158142,1.149999976158142,3893600,1.4281818216497248,1.7579775271790752,1.9963948516886634
2023-09-08,1.159999966621399,1.1790000200271606,1.100000023841858,1.1200000047683716,1.1200000047683716,2382400,1.3981818249731353,1.745842695236206,1.988969959414568
2023-09-11,1.149999976158142,1.1649999618530271,1.0110000371932983,1.0199999809265137,1.0199999809265137,7144300,1.3654545545578003,1.7334831457459525,1.9814592298008342
2023-09-12,1.0199999809265137,1.090000033378601,1.0099999904632568,1.0299999713897705,1.0299999713897705,3728000,1.3309090968334314,1.7215730340293285,1.9740772554291164
2023-09-13,1.100000023841858,1.149999976158142,0.99099999666214,1.0199999809265137,1.0199999809265137,7260900,1.3118181878870183,1.7094382034258897,1.9675107319467569
2023-09-14,1.0199999809265137,1.090000033378601,0.9900000095367432,0.9959999918937684,0.9959999918937684,5252700,1.292303036559712,1.6964719101284327,1.9611416331176594
2023-09-15,1.0199999809265137,1.059999942779541,1.0,1.0399999618530271,1.0399999618530271,3944700,1.2756363677256035,1.6835505607422818,1.9550042937753538
2023-09-18,1.0700000524520874,1.0700000524520874,0.9929999709129332,1.0099999904632568,1.0099999904632568,3152800,1.2598787925460122,1.6696179763654644,1.9489098728470535
2023-09-19,1.0,1.0099999904632568,0.9100000262260436,0.9860000014305116,0.9860000014305116,5454600,1.2464242487242727,1.6568764046336828,1.9428412029159938
2023-09-20,1.0099999904632568,1.0399999618530271,0.996999979019165,1.0,1.0,2753400,1.2321818236148718,1.6445168551434293,1.937476396049041
2023-09-21,0.9869999885559082,1.0,0.959999978542328,0.9850000143051147,0.9850000143051147,4982600,1.21809091351249,1.6331123609221383,1.9320901299750857
2023-09-22,1.0,1.0099999904632568,0.9110000133514404,0.9269999861717224,0.9269999861717224,3761100,1.2019393967859673,1.622629214538617,1.9264549367417594
2023-09-25,0.9330000281333924,0.9369999766349792,0.8799999952316284,0.9039999842643738,0.9039999842643738,3805900,1.1866060639872695,1.6111011250635212,1.9211931336079544
2023-09-26,0.9020000100135804,0.9139999747276306,0.8809999823570251,0.8840000033378601,0.8840000033378601,3090400,1.1724848512447241,1.5996853950318326,1.9159313314974051
2023-09-27,0.8999999761581421,0.9100000262260436,0.8840000033378601,0.8849999904632568,0.8849999904632568,1621800,1.15718182108619,1.5896292154708604,1.910931331661126
2023-09-28,0.8889999985694885,0.9070000052452089,0.8769999742507935,0.8799999952316284,0.8799999952316284,2492700,1.1399090922240056,1.578730338744903,1.9060815462738658
2023-09-29,0.9100000262260436,0.915000021457672,0.8740000128746033,0.8960000276565552,0.8960000276565552,2768500,1.1234242428432812,1.5678988782207617,1.900828327999606
2023-10-02,0.8999999761581421,0.9100000262260436,0.8519999980926514,0.8640000224113464,0.8640000224113464,2356900,1.1080909100445835,1.5576067439625771,1.895480689061046
2023-10-03,0.8650000095367432,0.8759999871253967,0.8090000152587891,0.8149999976158142,0.8149999976158142,4841500,1.092787878079848,1.54755056373189,1.8898798311728777
2023-10-04,0.8199999928474426,0.8289999961853027,0.7889999747276306,0.7900000214576721,0.7900000214576721,2033600,1.076424241065979,1.5366516876756475,1.8839570841564128
2023-10-05,0.7900000214576721,0.7979999780654907,0.7250000238418579,0.7329999804496765,0.7329999804496765,3406900,1.0592424237366878,1.5263483169373502,1.877660946528799
2023-10-06,0.7400000095367432,0.7540000081062317,0.6800000071525574,0.6899999976158142,0.6899999976158142,9378300,1.0410606066385906,1.5163483164283666,1.8713090148606526
2023-10-09,0.699999988079071,0.7020000219345093,0.6520000100135803,0.6890000104904175,0.6890000104904175,6536600,1.024060606956482,1.5060000017787634,1.865510731807594
2023-10-10,0.7099999785423279,0.7749999761581421,0.6970000267028809,0.7450000047683716,0.7450000047683716,6941000,1.0090606068119858,1.495044945331102,1.8602532209756548
2023-10-11,0.7649999856948853,0.7799999713897705,0.6729999780654907,0.6729999780654907,0.6729999780654907,4714000,0.9927878777186075,1.4836179781495855,1.8543862682555365
2023-10-12,0.6679999828338623,0.6729999780654907,0.6309999823570251,0.6439999938011169,0.6439999938011169,3777800,0.9744242411671262,1.4707415740141707,1.848609444153667
2023-10-13,0.6570000052452087,0.671999990940094,0.6150000095367432,0.6439999938011169,0.6439999938011169,2232600,0.9566666646437212,1.4568539335486594,1.842703864809781
2023-10-16,0.6700000166893005,0.6899999976158142,0.6420000195503235,0.6629999876022339,0.6629999876022339,3582300,0.936151511741407,1.4423932587162833,1.8374806888113717
2023-10-17,0.6809999942779541,0.6899999976158142,0.6449999809265137,0.6520000100135803,0.6520000100135803,1488800,0.9171212098815225,1.4271348319696577,1.8312231785749673
2023-10-18,0.6520000100135803,0.6520000100135803,0.6000000238418579,0.6230000257492065,0.6230000257492065,2458300,0.8987272706898776,1.4112134843729855,1.8233819767640895
2023-10-19,0.6060000061988831,0.6169999837875366,0.5590000152587891,0.5600000023841858,0.5600000023841858,3651300,0.8775151498389967,1.3941348335716162,1.8166008604442614
2023-10-20,0.5669999718666077,0.5669999718666077,0.5389999747276306,0.546999990940094,0.546999990940094,3851000,0.8568181792894999,1.377696631329783,1.81019313524721
2023-10-23,0.5490000247955322,0.5529999732971191,0.5019999742507935,0.5059999823570251,0.5059999823570251,4517100,0.8354848442655621,1.361584270938059,1.8040386284881396
2023-10-24,0.515999972820282,0.5400000214576721,0.5080000162124634,0.5080000162124634,0.5080000162124634,5413300,0.8160303000247839,1.3462809002801273,1.7981502165610186
2023-10-25,0.5180000066757202,0.5199999809265137,0.4790000021457672,0.4799999892711639,0.4799999892711639,3832700,0.7966363601612322,1.331674158908008,1.7918412034347846
2023-10-26,0.4860000014305115,0.4950000047683716,0.4399999976158142,0.4690000116825104,0.4690000116825104,6160000,0.7799393913962624,1.317280900612306,1.7860000015839999
2023-10-27,0.4690000116825104,0.5180000066757202,0.449999988079071,0.4550000131130218,0.4550000131130218,9563600,0.762515150236361,1.3020561823014463,1.7807854095497868
2023-10-30,0.4699999988079071,0.4900000095367431,0.4629999995231628,0.4769999980926513,0.4769999980926513,3803200,0.7460606053020015,1.2870786548330542,1.7759656669500048
2023-10-31,0.4860000014305115,0.4900000095367431,0.4769999980926513,0.4850000143051147,0.4850000143051147,4401000,0.7305757574962847,1.2720786544044367,1.7711802591837527
2023-11-01,0.4869999885559082,0.4900000095367431,0.4550000131130218,0.4699999988079071,0.4699999988079071,2966300,0.7133030313434023,1.2569101144758503,1.7664163104965962
2023-11-02,0.481000006198883,0.527999997138977,0.4790000021457672,0.527999997138977,0.527999997138977,4691100,0.6986969709396362,1.2416067438179188,1.7619871261805424
2023-11-03,0.5600000023841858,0.6600000262260437,0.5600000023841858,0.6299999952316284,0.6299999952316284,9974600,0.6879090919639125,1.2257640475637457,1.75769528068698
2023-11-06,0.675000011920929,0.6899999976158142,0.6159999966621399,0.625,0.625,4901700,0.6765454556002761,1.2097528121444616,1.7532961391584045
2023-11-07,0.6650000214576721,0.6800000071525574,0.5920000076293945,0.6000000238418579,0.6000000238418579,5626300,0.6648787892226017,1.1939101158902887,1.7489184568368314
2023-11-08,0.6200000047683716,0.6299999952316284,0.574999988079071,0.6000000238418579,0.6000000238418579,4030400,0.65496969945503,1.1787415762965598,1.7448841223389293
2023-11-09,0.6620000004768372,0.6700000166893005,0.5509999990463257,0.5509999990463257,0.5509999990463257,5016300,0.6442727302059983,1.1638089920697587,1.7408540793754512
2023-11-10,0.5799999833106995,0.6000000238418579,0.5059999823570251,0.5400000214576721,0.5400000214576721,4566300,0.6338484883308411,1.1476292168156486,1.7371201740314008
2023-11-13,0.5600000023841858,0.5799999833106995,0.4990000128746032,0.5,0.5,4789500,0.6221818219531666,1.1313370814484156,1.7331716763615097
2023-11-14,0.5210000276565552,0.5659999847412109,0.5099999904632568,0.5299999713897705,0.5299999713897705,5914900,0.6115757606246255,1.1157191040810575,1.7293519339336345
2023-11-15,0.5400000214576721,0.6000000238418579,0.5180000066757202,0.5299999713897705,0.5299999713897705,4240900,0.6004848498286623,1.0984157337231581,1.7257897019897919
2023-11-16,0.531000018119812,0.7960000038146973,0.5199999809265137,0.7609999775886536,0.7609999775886536,22738200,0.5973636363491868,1.0822471936097307,1.7230472127255452
2023-11-17,0.7699999809265137,0.8399999737739563,0.7319999933242798,0.8240000009536743,0.8240000009536743,14046200,0.5976363637230613,1.0680224754837122,1.720789701897699
2023-11-20,0.8190000057220459,0.8650000095367432,0.7820000052452087,0.7829999923706055,0.7829999923706055,7527100,0.5974242416295138,1.0523258454344246,1.71844206219579
2023-11-21,0.7620000243186951,0.7620000243186951,0.6800000071525574,0.7020000219345093,0.7020000219345093,4238700,0.5964848489472361,1.0358314628011724,1.7156180278937705
2023-11-22,0.7200000286102295,0.7319999933242798,0.699999988079071,0.7020000219345093,0.7020000219345093,1595600,0.5968484860478025,1.0183258451772539,1.7128798304197614
2023-11-24,0.7609999775886536,0.7789999842643738,0.7400000095367432,0.7639999985694885,0.7639999985694885,2026400,0.5991212129592896,1.0025280914949568,1.710278972024058
2023-11-27,0.7609999775886536,0.8399999737739563,0.75,0.7910000085830688,0.7910000085830688,3076600,0.6005151524688258,0.9871460681550959,1.7071502167779489
2023-11-28,0.7900000214576721,0.8550000190734863,0.7649999856948853,0.8500000238418579,0.8500000238418579,2829400,0.6058787902196249,0.9729887662308939,1.7042746804814481
2023-11-29,0.8700000047683716,1.0199999809265137,0.8700000047683716,1.0,1.0,8014100,0.6166666691953485,0.9606292167406404,1.702472105558338
2023-11-30,1.0800000429153442,1.1200000047683716,0.8999999761581421,0.9100000262260436,0.9100000262260436,8190000,0.6247272762385282,0.9464719128072931,1.7003261830673708
2023-12-01,0.9210000038146972,1.0800000429153442,0.8999999761581421,1.0299999713897705,1.0299999713897705,4397000,0.6358484878684535,0.9395056206188844,1.6980515050785736
2023-12-04,1.0399999618530271,1.1200000047683716,1.0299999713897705,1.0499999523162842,1.0499999523162842,2755000,0.6479090921806566,0.9328764067606979,1.6950472130284289
2023-12-05,1.0499999523162842,1.2599999904632568,1.0,1.2100000381469729,1.2100000381469729,8545000,0.6656969713442253,0.9286067438929269,1.6927725350396317
2023-12-06,1.2599999904632568,1.2799999713897705,1.1699999570846558,1.2100000381469729,1.2100000381469729,3831300,0.6853939421249159,0.9250112390250302,1.689339058849433
2023-12-07,1.2000000476837158,1.215000033378601,1.100000023841858,1.1399999856948853,1.1399999856948853,3437900,0.7033636389356671,0.9217528124873557,1.684403436634162
2023-12-08,1.1399999856948853,1.149999976158142,1.0499999523162842,1.1100000143051147,1.1100000143051147,2508000,0.7216666702068213,0.9177078685063994,1.679167385520853
2023-12-11,1.1200000047683716,1.1699999570846558,1.059999942779541,1.1399999856948853,1.1399999856948853,2671000,0.7408181844335614,0.91422472174248,1.6731588019321917
2023-12-12,1.1299999952316284,1.190000057220459,1.090000033378601,1.1100000143051147,1.1100000143051147,2354100,0.7599090942830751,0.9102921372049311,1.6677081577256
2023-12-13,1.1200000047683716,1.190000057220459,1.0700000524520874,1.190000057220459,1.190000057220459,2480900,0.7817575805114977,0.9078202281105384,1.6612274710712516
2023-12-14,1.2000000476837158,1.3799999952316284,1.190000057220459,1.3700000047683716,1.3700000047683716,7373800,0.8094848529859022,0.9080449469973532,1.6553047243106007
2023-12-15,1.3799999952316284,1.3899999856948853,1.2200000286102295,1.2200000286102295,1.2200000286102295,4106800,0.8320000054258289,0.9061348351199975,1.649167384968295
